Quarter,Alabama,Alabama,Alabama,Alaska,Alaska,Alaska,Arizona,Arizona,Arizona,Arkansas,Arkansas,Arkansas,California,California,California,Colorado,Colorado,Colorado,Connecticut,Connecticut,Connecticut,Delaware,Delaware,Delaware,District of Columbia,District of Columbia,District of Columbia,Florida,Florida,Florida,Georgia,Georgia,Georgia,Hawaii,Hawaii,Hawaii,Idaho,Idaho,Idaho,Illinois,Illinois,Illinois,Indiana,Indiana,Indiana,Iowa,Iowa,Iowa,Kansas,Kansas,Kansas,Kentucky,Kentucky,Kentucky,Louisiana,Louisiana,Louisiana,Maine,Maine,Maine,Maryland,Maryland,Maryland,Massachusetts,Massachusetts,Massachusetts,Michigan,Michigan,Michigan,Minnesota,Minnesota,Minnesota,Mississippi,Mississippi,Mississippi,Missouri,Missouri,Missouri,Montana,Montana,Montana,Nebraska,Nebraska,Nebraska,Nevada,Nevada,Nevada,New Hampshire,New Hampshire,New Hampshire,New Jersey,New Jersey,New Jersey,New Mexico,New Mexico,New Mexico,New York,New York,New York,North Carolina,North Carolina,North Carolina,North Dakota,North Dakota,North Dakota,Ohio,Ohio,Ohio,Oklahoma,Oklahoma,Oklahoma,Oregon,Oregon,Oregon,Pennsylvania,Pennsylvania,Pennsylvania,Rhode Island,Rhode Island,Rhode Island,South Carolina,South Carolina,South Carolina,South Dakota,South Dakota,South Dakota,Tennessee,Tennessee,Tennessee,Texas,Texas,Texas,Utah,Utah,Utah,Vermont,Vermont,Vermont,Virginia,Virginia,Virginia,Washington,Washington,Washington,West Virginia,West Virginia,West Virginia,Wisconsin,Wisconsin,Wisconsin,Wyoming,Wyoming,Wyoming
2012-01-01,171805.2,4811070.0,35710.0,38971.6,727712.0,53554.0,234167.8,6526567.0,35879.0,106004.7,2948861.0,35948.0,1786135.4,37836357.0,47207.0,232093.1,5167340.0,44915.0,228651.8,3593243.0,63634.0,39794.7,912725.0,43600.0,42550.9,630066.0,67534.0,788129.1,19214245.0,41018.0,367238.4,9867600.0,37217.0,60817.6,1389600.0,43766.0,54946.1,1591693.0,34521.0,586856.4,12879154.0,45566.0,253645.1,6531515.0,38834.0,130368.0,3073385.0,42418.0,130598.0,2880229.0,45343.0,156182.9,4381853.0,35643.0,185299.2,4593160.0,40342.0,53407.0,1328359.0,40205.0,310181.5,5871359.0,52830.0,372614.1,6646131.0,56065.0,384536.1,9893885.0,38866.0,252473.4,5366303.0,47048.0,99699.7,2983108.0,33421.0,239408.2,6021147.0,39761.0,40379.8,1001789.0,40308.0,85966.6,1849093.0,46491.0,107915.9,2733323.0,39482.0,66733.6,1323196.0,50434.0,482710.3,8840690.0,54601.0,74218.8,2085618.0,35586.0,1027687.4,19549806.0,52568.0,374275.6,9718496.0,38512.0,37911.5,696024.0,54469.0,464392.9,11550380.0,40206.0,158498.4,3808393.0,41618.0,151746.2,3890278.0,39007.0,579966.2,12762561.0,45443.0,48133.0,1054634.0,45640.0,167273.2,4702509.0,35571.0,37939.7,830146.0,45702.0,250176.4,6435772.0,38873.0,1133784.6,25924635.0,43734.0,100978.9,2839551.0,35562.0,28214.0,626744.0,45017.0,398734.9,8156690.0,48884.0,319431.3,6872679.0,46478.0,65490.9,1857328.0,35261.0,243324.5,5715700.0,42571.0,30517.8,573272.0,53234.0
2012-04-01,173476.2,4814535.0,36032.0,39289.6,729758.0,53839.0,237047.1,6546070.0,36212.0,107754.5,2951393.0,36510.0,1808358.6,37906496.0,47706.0,234958.8,5184592.0,45319.0,231156.5,3594356.0,64311.0,40299.7,914544.0,44065.0,42954.6,633806.0,67772.0,794829.0,19271676.0,41243.0,369428.7,9891089.0,37350.0,61537.3,1393288.0,44167.0,55683.9,1594423.0,34924.0,593256.9,12881041.0,46057.0,257312.0,6536155.0,39367.0,132374.6,3075503.0,43042.0,130849.0,2883930.0,45372.0,157636.8,4385631.0,35944.0,188782.5,4598869.0,41050.0,53948.3,1328110.0,40620.0,310706.6,5882389.0,52820.0,377892.9,6657817.0,56759.0,386851.3,9896307.0,39090.0,255876.9,5373443.0,47619.0,100586.5,2983972.0,33709.0,242348.7,6024079.0,40230.0,40665.7,1003326.0,40531.0,87009.1,1852046.0,46980.0,108874.9,2740745.0,39725.0,67368.5,1324114.0,50878.0,484616.7,8843519.0,54799.0,75000.7,2086893.0,35939.0,1043921.4,19565103.0,53356.0,379253.6,9740207.0,38937.0,39309.7,700126.0,56147.0,470769.4,11550166.0,40759.0,160399.3,3815481.0,42039.0,153113.3,3896594.0,39294.0,584913.1,12766200.0,45817.0,48384.2,1054745.0,45873.0,168656.2,4713302.0,35783.0,38155.4,832573.0,45828.0,253854.7,6448766.0,39365.0,1147435.9,26029555.0,44082.0,102270.0,2849129.0,35895.0,28587.8,626456.0,45634.0,401952.9,8176769.0,49158.0,324773.2,6889589.0,47140.0,66139.4,1857306.0,35610.0,245255.9,5718783.0,42886.0,31226.6,575512.0,54259.0
2012-07-01,171972.3,4819450.0,35683.0,39137.2,731774.0,53483.0,235982.2,6567653.0,35931.0,106758.9,2954412.0,36135.0,1808445.3,37991364.0,47601.0,234350.9,5204311.0,45030.0,228599.1,3596017.0,63570.0,40098.2,916774.0,43738.0,42599.8,637854.0,66786.0,794151.4,19337994.0,41067.0,368727.4,9914324.0,37191.0,61333.5,1397207.0,43897.0,55914.4,1598225.0,34985.0,590479.6,12887208.0,45819.0,257944.8,6544158.0,39416.0,131265.1,3079620.0,42624.0,128792.9,2887660.0,44601.0,156937.5,4391029.0,35740.0,187982.7,4605928.0,40813.0,53523.8,1328397.0,40292.0,311223.0,5894118.0,52802.0,376310.8,6671897.0,56402.0,387053.9,9902300.0,39087.0,255950.5,5383167.0,47546.0,99791.2,2985804.0,33422.0,241283.1,6029316.0,40018.0,40655.3,1005616.0,40428.0,85664.4,1855590.0,46166.0,108201.8,2749278.0,39356.0,67436.2,1325232.0,50886.0,485208.2,8849071.0,54832.0,74287.9,2088861.0,35564.0,1041263.1,19584992.0,53166.0,379824.7,9765593.0,38894.0,40009.8,704985.0,56753.0,469607.4,11556832.0,40635.0,159915.6,3824416.0,41814.0,153043.1,3903942.0,39202.0,586267.9,12773148.0,45898.0,48260.7,1055189.0,45737.0,168357.6,4725907.0,35624.0,36471.6,835136.0,43672.0,253963.2,6462115.0,39300.0,1143935.9,26138928.0,43764.0,101873.8,2860211.0,35618.0,28334.1,626500.0,45226.0,402135.2,8197539.0,49056.0,325372.0,6908431.0,47098.0,65552.5,1857480.0,35291.0,244138.5,5724075.0,42651.0,30746.5,577517.0,53239.0
2012-10-01,176192.9,4824247.0,36522.0,39665.6,733633.0,54067.0,244039.0,6588918.0,37038.0,110991.0,2956967.0,37535.0,1905728.1,38078439.0,50047.0,245633.6,5224650.0,47014.0,236277.0,3596976.0,65688.0,41380.6,919131.0,45021.0,43937.0,641931.0,68445.0,825097.5,19405817.0,42518.0,380432.6,9934335.0,38295.0,62539.8,1401075.0,44637.0,58163.8,1602602.0,36293.0,609701.3,12893225.0,47289.0,263643.9,6553369.0,40230.0,134628.0,3084580.0,43645.0,133552.6,2890368.0,46206.0,159785.6,4396652.0,36343.0,192978.7,4612909.0,41834.0,54250.8,1328801.0,40827.0,316591.9,5904654.0,53617.0,390253.5,6685993.0,58369.0,399735.3,9908585.0,40342.0,264356.1,5393572.0,49013.0,101431.4,2987768.0,33949.0,248885.5,6034836.0,41241.0,41978.1,1008349.0,41631.0,88376.9,1859011.0,47540.0,112397.0,2758018.0,40753.0,69882.6,1326141.0,52696.0,497575.4,8854252.0,56196.0,75394.0,2090696.0,36062.0,1083760.9,19602725.0,55286.0,387288.3,9791437.0,39554.0,41953.9,710370.0,59059.0,482045.7,11566474.0,41676.0,165700.2,3833906.0,43220.0,156289.2,3910830.0,39963.0,599516.7,12778632.0,46916.0,49229.0,1055580.0,46637.0,172453.6,4738826.0,36392.0,38810.1,837520.0,46339.0,259888.3,6473762.0,40145.0,1185744.5,26243963.0,45182.0,106840.4,2871895.0,37202.0,29081.7,626676.0,46406.0,413895.9,8216385.0,50374.0,337218.9,6926861.0,48683.0,66411.3,1857212.0,35759.0,252250.1,5729554.0,44026.0,32307.7,579111.0,55788.0
2013-01-01,174319.6,4826744.0,36115.0,38716.5,735202.0,52661.0,240161.4,6606778.0,36351.0,107782.3,2958048.0,36437.0,1817215.5,38147665.0,47636.0,243637.9,5242534.0,46473.0,224780.3,3596110.0,62507.0,40525.3,921048.0,43999.0,43233.1,645734.0,66952.0,792654.6,19462774.0,40727.0,372655.3,9950131.0,37452.0,61799.5,1404282.0,44008.0,57248.3,1606165.0,35643.0,602941.2,12893027.0,46765.0,261592.5,6559406.0,39881.0,134087.6,3087847.0,43424.0,131477.6,2891588.0,45469.0,158768.9,4400168.0,36082.0,190285.7,4617805.0,41207.0,53378.2,1328488.0,40180.0,310255.1,5912502.0,52474.0,378068.4,6696783.0,56455.0,389620.6,9909949.0,39316.0,256546.9,5401263.0,47498.0,101395.8,2988374.0,33930.0,243821.6,6037310.0,40386.0,40921.8,1010541.0,40495.0,87496.6,1861479.0,47004.0,108448.7,2765446.0,39216.0,67024.3,1326389.0,50531.0,487609.8,8855019.0,55066.0,73208.5,2091472.0,35003.0,1047410.0,19610887.0,53410.0,374430.5,9812681.0,38158.0,39037.6,715367.0,54570.0,474300.1,11570308.0,40993.0,166557.0,3841525.0,43357.0,153959.7,3915672.0,39319.0,587324.8,12777351.0,45966.0,48251.6,1055435.0,45717.0,169424.2,4749515.0,35672.0,38379.9,839507.0,45717.0,255561.6,6482300.0,39425.0,1161145.8,26336948.0,44088.0,104333.2,2882301.0,36198.0,28613.5,626557.0,45668.0,400197.0,8231447.0,48618.0,328722.9,6941917.0,47353.0,65517.2,1855941.0,35301.0,245126.1,5732112.0,42764.0,30923.8,580443.0,53276.0
2013-04-01,175041.3,4829571.0,36244.0,38734.6,736761.0,52574.0,243169.5,6624834.0,36706.0,108226.1,2959393.0,36570.0,1848098.9,38215641.0,48360.0,247909.1,5260921.0,47123.0,225597.0,3595567.0,62743.0,41058.3,922974.0,44485.0,43619.0,649554.0,67152.0,798704.7,19520194.0,40917.0,376518.0,9966307.0,37779.0,62200.0,1407202.0,44201.0,58319.5,1609951.0,36224.0,608912.5,12893754.0,47225.0,261639.5,6566264.0,39846.0,134803.6,3091607.0,43603.0,134218.1,2893130.0,46392.0,158918.4,4404266.0,36083.0,191316.2,4622899.0,41384.0,53582.1,1328400.0,40336.0,311095.4,5920461.0,52546.0,381841.1,6708392.0,56920.0,393010.7,9912295.0,39649.0,258650.7,5409712.0,47812.0,101780.1,2989108.0,34050.0,244912.2,6040524.0,40545.0,41270.8,1012857.0,40747.0,87591.5,1864178.0,46987.0,109294.1,2772897.0,39415.0,67597.7,1326867.0,50945.0,491490.4,8856121.0,55497.0,73466.6,2092214.0,35114.0,1060933.2,19619596.0,54075.0,375059.2,9834542.0,38137.0,39871.3,720484.0,55340.0,478700.9,11575504.0,41355.0,169090.0,3849433.0,43926.0,155553.8,3920937.0,39673.0,593783.8,12777561.0,46471.0,48335.5,1055408.0,45798.0,170525.2,4760425.0,35821.0,38491.3,841590.0,45736.0,255990.8,6491499.0,39435.0,1179827.0,26430062.0,44640.0,105955.5,2893049.0,36624.0,28969.9,626526.0,46239.0,401232.5,8247055.0,48652.0,331542.2,6957544.0,47652.0,65636.9,1854979.0,35384.0,247482.6,5735486.0,43149.0,31067.0,581852.0,53393.0
2013-07-01,176099.1,4833698.0,36432.0,39155.8,737598.0,53086.0,244888.4,6647932.0,36837.0,108785.2,2961854.0,36729.0,1867393.2,38300046.0,48757.0,251338.8,5281593.0,47588.0,226493.0,3596230.0,62981.0,41205.8,925323.0,44531.0,43728.4,653127.0,66952.0,805807.8,19592780.0,41128.0,377984.3,9988531.0,37842.0,62699.2,1409708.0,44477.0,58845.7,1614746.0,36443.0,611306.8,12895991.0,47403.0,261788.6,6574413.0,39819.0,135381.5,3096387.0,43722.0,134547.8,2895601.0,46466.0,159450.8,4408605.0,36168.0,191779.8,4629052.0,41430.0,53781.6,1329027.0,40467.0,311284.3,5930243.0,52491.0,383785.4,6722067.0,57093.0,394933.5,9918157.0,39819.0,261442.8,5420021.0,48236.0,103602.4,2990433.0,34645.0,245632.9,6045688.0,40629.0,41437.8,1015354.0,40811.0,87583.1,1867790.0,46891.0,110246.0,2782571.0,39620.0,67845.8,1328276.0,51078.0,492748.0,8860153.0,55614.0,73521.8,2092855.0,35130.0,1066428.8,19632273.0,54320.0,376443.3,9859203.0,38182.0,40435.5,725161.0,55761.0,480405.8,11584421.0,41470.0,170278.7,3857504.0,44142.0,156891.3,3929794.0,39924.0,594934.5,12782814.0,46542.0,48634.3,1055797.0,46064.0,172570.3,4774621.0,36143.0,38423.1,843707.0,45541.0,256858.5,6503636.0,39495.0,1192380.3,26543248.0,44922.0,107138.4,2903938.0,36894.0,29021.5,626547.0,46320.0,401336.7,8264158.0,48564.0,336183.4,6978453.0,48174.0,65479.4,1854470.0,35309.0,248871.3,5740541.0,43353.0,31258.0,582749.0,53639.0
2013-10-01,175281.1,4837723.0,36232.0,39305.2,737598.0,53288.0,246790.0,6674067.0,36977.0,108677.5,2964523.0,36659.0,1896095.8,38391267.0,49389.0,255164.9,5302999.0,48117.0,227833.1,3596926.0,63341.0,41611.9,927790.0,44851.0,44208.8,656243.0,67366.0,814735.8,19673396.0,41413.0,381651.3,10014254.0,38111.0,63386.3,1411653.0,44902.0,59201.4,1620112.0,36542.0,615953.8,12895776.0,47764.0,261788.6,6581934.0,39774.0,134758.6,3101156.0,43454.0,135676.1,2898040.0,46816.0,159761.0,4411917.0,36211.0,192607.4,4634936.0,41556.0,54226.1,1329971.0,40772.0,313461.3,5940158.0,52770.0,386749.4,6735647.0,57418.0,396742.2,9924425.0,39976.0,262486.7,5430449.0,48336.0,102491.2,2991539.0,34260.0,246433.1,6050882.0,40727.0,41659.5,1017692.0,40935.0,86923.6,1871667.0,46442.0,111493.3,2793671.0,39909.0,68347.0,1330249.0,51379.0,498104.7,8864331.0,56192.0,74050.2,2092754.0,35384.0,1073769.7,19642985.0,54664.0,379636.6,9883809.0,38410.0,40389.8,729201.0,55389.0,482948.1,11593358.0,41657.0,171604.8,3864639.0,44404.0,158115.3,3940928.0,40121.0,598685.3,12788570.0,46814.0,48957.5,1056231.0,46351.0,173949.2,4790720.0,36310.0,38169.3,845593.0,45139.0,258604.5,6516790.0,39683.0,1206008.9,26669434.0,45221.0,107277.7,2914286.0,36811.0,29252.5,626431.0,46697.0,403971.0,8280569.0,48785.0,338606.2,7002593.0,48354.0,65657.6,1853790.0,35418.0,249909.4,5745383.0,43497.0,31711.5,582992.0,54394.0
2014-01-01,176964.1,4840041.0,36563.0,40486.2,737379.0,54905.0,252123.8,6697498.0,37644.0,111803.6,2966087.0,37694.0,1923713.3,38469171.0,50007.0,263910.9,5322563.0,49583.0,231637.3,3596282.0,64410.0,42202.7,929931.0,45383.0,45812.6,659182.0,69499.0,834947.8,19745612.0,42285.0,392278.1,10036885.0,39084.0,64590.2,1413153.0,45706.0,60010.8,1624860.0,36933.0,626125.4,12891026.0,48571.0,266255.6,6587163.0,40420.0,136201.9,3104697.0,43870.0,133848.8,2899384.0,46165.0,163272.5,4413643.0,36993.0,196440.1,4639264.0,42343.0,54579.0,1330382.0,41025.0,316118.0,5948079.0,53146.0,391462.7,6746877.0,58021.0,401806.1,9927023.0,40476.0,266226.1,5438894.0,48949.0,102973.4,2991690.0,34420.0,248717.6,6053838.0,41084.0,42478.0,1019613.0,41661.0,90095.3,1874850.0,48055.0,113685.9,2803736.0,40548.0,68815.9,1331754.0,51673.0,506778.8,8865269.0,57165.0,75878.7,2091759.0,36275.0,1084611.5,19646738.0,55206.0,389203.3,9904934.0,39294.0,41621.2,732949.0,56786.0,488978.4,11598029.0,42160.0,177006.5,3870317.0,45734.0,161893.8,3950501.0,40981.0,606916.5,12789410.0,47455.0,49783.2,1056280.0,47131.0,177753.3,4805118.0,36992.0,39393.6,847176.0,46500.0,262821.4,6527636.0,40263.0,1242659.3,26786541.0,46391.0,110039.9,2923667.0,37638.0,29405.1,626083.0,46967.0,411129.0,8294237.0,49568.0,348896.0,7024167.0,49671.0,66405.1,1852355.0,35849.0,252761.5,5748087.0,43973.0,32605.0,583010.0,55925.0
2014-04-01,179958.8,4842263.0,37164.0,41091.7,737141.0,55745.0,255360.9,6720717.0,37996.0,114221.9,2967707.0,38488.0,1960824.8,38545506.0,50870.0,269442.8,5342297.0,50436.0,235224.4,3595694.0,65418.0,42781.1,932018.0,45902.0,46483.2,662096.0,70206.0,854350.9,19816711.0,43113.0,399723.3,10059248.0,39737.0,65691.5,1414508.0,46441.0,61416.0,1629696.0,37686.0,634994.1,12886369.0,49276.0,271092.3,6592696.0,41120.0,139589.8,3108471.0,44906.0,136288.8,2900858.0,46982.0,165988.5,4415628.0,37591.0,199669.9,4643471.0,43000.0,55527.4,1330864.0,41723.0,320928.3,5955756.0,53885.0,396910.8,6758464.0,58728.0,408879.7,9929819.0,41177.0,271663.1,5447733.0,49867.0,104330.6,2991687.0,34874.0,252947.0,6057011.0,41761.0,43433.9,1021587.0,42516.0,92639.9,1878137.0,49325.0,116214.1,2813719.0,41303.0,70260.5,1333340.0,52695.0,512327.1,8866121.0,57785.0,77407.2,2090634.0,37026.0,1095437.4,19650158.0,55747.0,395281.1,9925984.0,39823.0,42944.2,736761.0,58288.0,495656.8,11603082.0,42718.0,180012.6,3876019.0,46443.0,165692.2,3960240.0,41839.0,615423.8,12790667.0,48115.0,50242.1,1056384.0,47560.0,181911.4,4819379.0,37746.0,40335.8,848794.0,47521.0,266253.1,6538608.0,40720.0,1268289.2,26902775.0,47143.0,111609.7,2933273.0,38050.0,29939.4,625788.0,47843.0,417013.7,8307925.0,50195.0,356134.2,7046003.0,50544.0,67528.9,1851065.0,36481.0,257421.5,5751138.0,44760.0,33405.1,583076.0,57291.0
2014-07-01,182473.3,4846064.0,37654.0,41423.0,737359.0,56177.0,258837.9,6746899.0,38364.0,115468.9,2970703.0,38869.0,2003994.1,38633979.0,51871.0,273541.6,5366342.0,50974.0,238584.5,3595527.0,66356.0,43327.8,934449.0,46367.0,47193.7,665403.0,70925.0,869565.2,19904457.0,43687.0,406331.1,10086928.0,40283.0,66591.6,1416537.0,47010.0,62253.6,1635093.0,38073.0,642134.8,12884398.0,49838.0,274213.8,6599132.0,41553.0,140519.9,3112759.0,45143.0,138148.3,2903551.0,47579.0,167673.8,4419292.0,37941.0,201776.3,4649423.0,43398.0,56165.7,1331210.0,42191.0,325097.1,5964752.0,54503.0,405208.4,6770207.0,59852.0,413954.5,9934281.0,41669.0,276456.2,5457609.0,50655.0,104513.1,2992236.0,34928.0,256406.2,6062333.0,42295.0,43908.6,1023981.0,42880.0,92865.2,1881827.0,49348.0,118344.0,2825704.0,41881.0,70643.4,1334897.0,52920.0,518437.2,8869488.0,58452.0,78659.8,2090711.0,37623.0,1113591.3,19657917.0,56648.0,401312.0,9951699.0,40326.0,43124.8,740967.0,58201.0,502440.6,11610840.0,43273.0,182222.0,3883917.0,46917.0,168960.0,3972929.0,42528.0,623265.9,12794805.0,48712.0,50818.3,1056775.0,48088.0,184521.5,4836452.0,38152.0,40446.3,850465.0,47558.0,268547.6,6552182.0,40986.0,1287005.1,27031296.0,47612.0,113223.5,2944458.0,38453.0,30475.9,625816.0,48698.0,421932.2,8323423.0,50692.0,364020.1,7072632.0,51469.0,68169.4,1850033.0,36848.0,259671.8,5755512.0,45117.0,33915.9,583678.0,58107.0
2014-10-01,184918.8,4849924.0,38128.0,41839.0,737840.0,56705.0,262766.6,6773603.0,38793.0,117478.9,2974146.0,39500.0,2034415.2,38722364.0,52539.0,278745.3,5392848.0,51688.0,241580.1,3594551.0,67207.0,43814.9,936917.0,46765.0,47631.5,668905.0,71208.0,886785.5,20001458.0,44336.0,412831.2,10117037.0,40806.0,67273.4,1418802.0,47416.0,63525.1,1640511.0,38723.0,651305.6,12880835.0,50564.0,277418.1,6604327.0,42006.0,141813.6,3116417.0,45505.0,139229.0,2906374.0,47905.0,169933.5,4423220.0,38418.0,203289.4,4655719.0,43664.0,57182.2,1330994.0,42962.0,327609.3,5973230.0,54846.0,413748.1,6779761.0,61027.0,419439.0,9937106.0,42209.0,279606.5,5466555.0,51149.0,105204.8,2992483.0,35156.0,259199.0,6067744.0,42718.0,44402.5,1026438.0,43259.0,94495.8,1885254.0,50124.0,121244.9,2838765.0,42710.0,72285.1,1335970.0,54107.0,524517.2,8872312.0,59118.0,79954.6,2091237.0,38233.0,1129991.1,19663546.0,57466.0,406601.7,9978858.0,40746.0,43588.3,745337.0,58481.0,508502.4,11617341.0,43771.0,182634.8,3892625.0,46918.0,171763.3,3987115.0,43080.0,630711.3,12797163.0,49285.0,51741.1,1057087.0,48947.0,187144.4,4854882.0,38548.0,40833.2,851895.0,47932.0,271532.9,6566296.0,41353.0,1300593.8,27163480.0,47880.0,115607.6,2956304.0,39105.0,30963.3,625973.0,49464.0,427243.5,8338128.0,51240.0,369712.3,7101606.0,52060.0,68954.1,1848649.0,37300.0,263536.2,5759145.0,45760.0,34271.4,584599.0,58624.0
2015-01-01,187220.2,4851546.0,38590.0,42474.1,738031.0,57551.0,267031.2,6796911.0,39287.0,117047.3,2976103.0,39329.0,2084189.7,38793917.0,53725.0,282504.1,5416935.0,52152.0,240932.5,3591851.0,67078.0,44586.8,938933.0,47487.0,49652.2,672122.0,73874.0,904536.5,20087543.0,45030.0,420780.9,10143010.0,41485.0,68137.9,1420500.0,47968.0,64984.2,1645127.0,39501.0,659092.3,12871318.0,51206.0,279180.7,6606465.0,42259.0,143255.7,3118474.0,45938.0,138261.5,2907801.0,47548.0,171931.3,4425087.0,38854.0,200883.5,4659957.0,43108.0,57249.1,1330061.0,43042.0,334030.7,5979067.0,55867.0,420820.4,6786139.0,62012.0,427217.9,9935167.0,43001.0,284170.3,5472870.0,51923.0,105114.5,2991440.0,35138.0,260605.1,6070169.0,42932.0,45303.9,1028347.0,44055.0,95539.8,1887776.0,50610.0,124839.9,2850546.0,43795.0,71950.2,1336417.0,53838.0,531750.3,8870946.0,59943.0,79400.5,2090710.0,37978.0,1136530.9,19659924.0,57810.0,413672.9,10001505.0,41361.0,41951.4,749305.0,55987.0,512381.8,11618180.0,44102.0,176899.1,3899463.0,45365.0,176478.2,3999262.0,44128.0,637201.3,12792941.0,49809.0,51896.4,1056898.0,49103.0,190533.9,4871050.0,39116.0,41341.0,852912.0,48470.0,276483.2,6577319.0,42036.0,1306067.6,27284209.0,47869.0,118947.0,2966905.0,40091.0,30777.6,625838.0,49178.0,431878.1,8349201.0,51727.0,375275.0,7127237.0,52654.0,69060.6,1846273.0,37405.0,266327.0,5759966.0,46238.0,34173.2,585249.0,58391.0
2015-04-01,188690.9,4853403.0,38878.0,42605.6,738269.0,57710.0,270117.2,6820390.0,39604.0,118150.5,2978327.0,39670.0,2117632.1,38865317.0,54486.0,284908.1,5441500.0,52358.0,242413.0,3589395.0,67536.0,45287.2,940946.0,48129.0,50278.7,675352.0,74448.0,916335.4,20173782.0,45422.0,425630.3,10169310.0,41854.0,68846.9,1422085.0,48413.0,65103.4,1649906.0,39459.0,664853.0,12862636.0,51689.0,282298.8,6609317.0,42712.0,143797.6,3120932.0,46075.0,138430.6,2909519.0,47579.0,173926.2,4427452.0,39284.0,200698.2,4664354.0,43028.0,58124.2,1329317.0,43725.0,336428.3,5985008.0,56212.0,426861.0,6793201.0,62837.0,431767.0,9934009.0,43464.0,285009.9,5479868.0,52010.0,106011.9,2990457.0,35450.0,262310.8,6073215.0,43191.0,45443.0,1030364.0,44104.0,96271.7,1890491.0,50924.0,126882.5,2862368.0,44328.0,73268.4,1337025.0,54800.0,535482.5,8869932.0,60371.0,79854.1,2090156.0,38205.0,1153767.5,19656936.0,58695.0,417434.5,10024663.0,41641.0,41102.5,753412.0,54555.0,517362.5,11620099.0,44523.0,174996.5,3906578.0,44795.0,178307.4,4011823.0,44445.0,640972.9,12789889.0,50116.0,52382.1,1056796.0,49567.0,193116.9,4887380.0,39513.0,41628.1,854034.0,48743.0,280177.2,6588896.0,42523.0,1299142.8,27405449.0,47405.0,120731.4,2977851.0,40543.0,31011.9,625767.0,49558.0,437421.6,8360749.0,52318.0,379570.6,7153455.0,53061.0,69456.0,1844170.0,37662.0,268965.8,5761488.0,46683.0,33835.2,585971.0,57742.0
2015-07-01,190223.3,4856986.0,39165.0,42582.9,739008.0,57622.0,271265.9,6847944.0,39613.0,119449.8,2981660.0,40062.0,2138781.8,38940551.0,54924.0,285414.5,5466231.0,52214.0,243587.2,3587986.0,67890.0,45273.3,943197.0,48000.0,50598.2,678423.0,74582.0,924420.1,20273956.0,45596.0,430118.4,10200225.0,42168.0,69365.8,1423877.0,48716.0,65820.7,1656661.0,39731.0,670776.5,12856676.0,52173.0,283665.4,6615573.0,42878.0,145352.1,3124306.0,46523.0,138497.0,2911417.0,47570.0,175000.7,4431047.0,39494.0,201534.8,4669408.0,43161.0,58662.6,1329687.0,44118.0,338842.0,5991674.0,56552.0,429840.8,6802056.0,63193.0,435755.1,9938297.0,43846.0,287195.5,5489869.0,52314.0,106528.6,2990675.0,35620.0,264408.4,6078242.0,43501.0,45658.9,1032977.0,44201.0,96909.1,1894119.0,51163.0,127509.7,2875344.0,44346.0,73572.3,1338430.0,54969.0,539928.8,8872056.0,60857.0,79847.1,2090755.0,38191.0,1164710.0,19657547.0,59250.0,421721.7,10054163.0,41945.0,40831.0,755706.0,54030.0,520598.5,11626164.0,44778.0,175184.9,3913267.0,44767.0,181298.1,4028494.0,45004.0,646320.7,12791603.0,50527.0,52576.5,1057143.0,49734.0,195871.6,4905087.0,39932.0,42059.1,855900.0,49140.0,282989.8,6603224.0,42856.0,1301320.4,27528149.0,47272.0,122070.5,2991514.0,40806.0,31189.0,625695.0,49847.0,440870.0,8374641.0,52643.0,383645.8,7184839.0,53397.0,69251.4,1842229.0,37591.0,270985.9,5765212.0,47004.0,33765.7,586326.0,57589.0
2015-10-01,190327.5,4860795.0,39156.0,42557.8,740106.0,57502.0,274847.8,6877272.0,39965.0,120230.4,2985162.0,40276.0,2161117.7,39008270.0,55402.0,286520.6,5489361.0,52196.0,245725.7,3586373.0,68516.0,45717.2,945356.0,48360.0,50820.0,681140.0,74610.0,934047.5,20380613.0,45830.0,433220.1,10232929.0,42336.0,70085.6,1425496.0,49166.0,65994.3,1664809.0,39641.0,673052.9,12849190.0,52381.0,286140.5,6623116.0,43203.0,145945.2,3127451.0,46666.0,138157.9,2912401.0,47438.0,176466.6,4434434.0,39795.0,202337.4,4673707.0,43293.0,59289.3,1330736.0,44554.0,341510.1,5997257.0,56944.0,435393.5,6810418.0,63931.0,440014.4,9944729.0,44246.0,289316.0,5500941.0,52594.0,106601.0,2991236.0,35638.0,265761.4,6083151.0,43688.0,45408.3,1035798.0,43839.0,96408.0,1898007.0,50794.0,129235.8,2888601.0,44740.0,75107.3,1340154.0,56044.0,541261.9,8874358.0,60992.0,80355.5,2091836.0,38414.0,1163883.0,19655520.0,59214.0,424508.0,10086858.0,42085.0,40830.8,755934.0,54014.0,524964.2,11632370.0,45130.0,173455.4,3918222.0,44269.0,182317.1,4047812.0,45041.0,651457.4,12793338.0,50922.0,52935.3,1057520.0,50056.0,197934.0,4922685.0,40209.0,42622.4,858288.0,49660.0,285474.3,6618193.0,43135.0,1295509.6,27644151.0,46864.0,123607.8,3006978.0,41107.0,31337.5,625415.0,50107.0,442921.3,8388396.0,52802.0,386140.9,7218992.0,53490.0,68946.3,1839797.0,37475.0,272536.8,5769079.0,47241.0,33272.9,586109.0,56769.0
2016-01-01,191242.8,4862857.0,39327.0,41822.5,741037.0,56438.0,277248.9,6903891.0,40158.0,120694.3,2987556.0,40399.0,2188444.1,39062908.0,56024.0,285325.0,5510636.0,51777.0,247559.2,3583476.0,69084.0,45637.7,947144.0,48185.0,52022.6,683675.0,76093.0,935793.3,20478422.0,45697.0,439144.5,10262460.0,42791.0,70737.9,1426795.0,49578.0,66885.7,1672326.0,39996.0,670483.9,12837195.0,52230.0,286977.8,6628367.0,43295.0,145273.4,3129403.0,46422.0,136942.1,2912336.0,47021.0,175131.5,4436313.0,39477.0,198238.6,4676445.0,42391.0,59344.5,1331224.0,44579.0,345566.9,6000820.0,57587.0,436682.8,6816435.0,64063.0,442050.1,9947609.0,44438.0,289067.6,5510055.0,52462.0,107150.7,2990810.0,35827.0,268639.3,6085839.0,44142.0,45471.9,1038226.0,43798.0,94930.6,1901182.0,49932.0,129034.9,2900823.0,44482.0,74909.1,1341420.0,55843.0,547848.7,8873478.0,61740.0,80735.5,2092068.0,38591.0,1184243.9,19646609.0,60277.0,428373.2,10116084.0,42346.0,39680.9,755898.0,52495.0,524637.2,11634348.0,45094.0,166583.7,3921829.0,42476.0,186134.7,4065586.0,45783.0,654061.9,12790190.0,51138.0,52577.5,1057531.0,49717.0,199089.4,4938529.0,40313.0,41996.4,860370.0,48812.0,286951.3,6630836.0,43275.0,1282418.8,27750654.0,46212.0,125689.1,3021499.0,41598.0,31475.4,624933.0,50366.0,444410.4,8399428.0,52910.0,394914.2,7250685.0,54466.0,68445.7,1836632.0,37267.0,272303.6,5770861.0,47186.0,32167.9,585705.0,54922.0
2016-04-01,191888.1,4865180.0,39441.0,41716.9,742012.0,56221.0,280824.1,6930680.0,40519.0,121543.1,2990183.0,40647.0,2202876.8,39118183.0,56313.0,287204.6,5532392.0,51913.0,247816.1,3580783.0,69207.0,46230.7,948977.0,48716.0,52522.2,686241.0,76536.0,946159.6,20576186.0,45983.0,440652.4,10292468.0,42813.0,71280.0,1428107.0,49912.0,67727.3,1679997.0,40314.0,671377.4,12826006.0,52345.0,289386.5,6634233.0,43620.0,145230.1,3131686.0,46374.0,138089.6,2912542.0,47412.0,176348.0,4438644.0,39730.0,199360.2,4679405.0,42604.0,59861.0,1331874.0,44945.0,348711.9,6004556.0,58075.0,441680.9,6823166.0,64733.0,444893.6,9951225.0,44707.0,289934.7,5519819.0,52526.0,107174.5,2990467.0,35839.0,269508.6,6089088.0,44261.0,45661.4,1040748.0,43874.0,94651.7,1904576.0,49697.0,130644.8,2913130.0,44847.0,75848.9,1342834.0,56484.0,549160.0,8872947.0,61891.0,81479.1,2092265.0,38943.0,1187723.4,19638552.0,60479.0,429746.0,10145873.0,42357.0,39585.0,755984.0,52362.0,527166.0,11637301.0,45300.0,166137.5,3925770.0,42320.0,187234.4,4083746.0,45849.0,657641.8,12788076.0,51426.0,52992.3,1057639.0,50104.0,200933.1,4954532.0,40555.0,42090.4,862518.0,48799.0,287828.2,6643997.0,43322.0,1285333.1,27857845.0,46139.0,126780.8,3036457.0,41753.0,31483.1,624505.0,50413.0,447021.2,8411022.0,53147.0,398257.5,7283030.0,54683.0,68542.7,1833690.0,37380.0,273122.5,5773278.0,47308.0,31812.9,585356.0,54348.0
2016-07-01,192446.5,4868953.0,39525.0,41787.2,742454.0,56283.0,284220.1,6958940.0,40842.0,122023.1,2993778.0,40759.0,2229957.3,39178822.0,56917.0,290981.8,5553813.0,52393.0,247771.1,3579838.0,69213.0,46708.8,951141.0,49108.0,52803.6,688837.0,76656.0,960983.4,20675162.0,46480.0,445079.2,10323352.0,43114.0,71845.4,1428668.0,50288.0,68491.6,1688742.0,40558.0,672998.2,12818447.0,52502.0,291754.9,6641828.0,43927.0,146329.2,3135011.0,46676.0,139189.3,2913167.0,47779.0,178443.1,4442811.0,40164.0,200412.0,4681044.0,42814.0,60013.2,1332988.0,45022.0,351677.3,6010565.0,58510.0,448402.9,6832777.0,65625.0,446667.9,9958446.0,44853.0,293877.3,5531643.0,53127.0,107414.8,2991011.0,35913.0,270978.1,6094784.0,44461.0,46151.0,1043767.0,44216.0,94724.4,1908078.0,49644.0,134739.9,2926594.0,46040.0,76739.1,1344721.0,57067.0,553402.1,8876874.0,62342.0,81626.6,2092994.0,39000.0,1194432.9,19634234.0,60834.0,433271.4,10177534.0,42571.0,39938.5,756286.0,52809.0,529548.2,11645055.0,45474.0,166383.4,3929424.0,42343.0,188652.2,4100691.0,46005.0,665197.8,12791387.0,52004.0,53644.0,1057804.0,50713.0,203063.9,4971806.0,40843.0,42601.3,865092.0,49245.0,291428.1,6660163.0,43757.0,1299808.4,27965345.0,46479.0,128454.5,3052014.0,42088.0,31669.5,624544.0,50708.0,451113.6,8425474.0,53542.0,402812.6,7317043.0,55051.0,68561.5,1831002.0,37445.0,275690.5,5778254.0,47712.0,31756.5,584677.0,54315.0
2016-10-01,193876.4,4872717.0,39788.0,42023.0,742186.0,56621.0,286047.5,6986514.0,40943.0,123043.2,2997409.0,41050.0,2252552.9,39234962.0,57412.0,295180.4,5573234.0,52964.0,247963.1,3579440.0,69274.0,47202.0,953362.0,49511.0,53389.4,691333.0,77227.0,973342.5,20768199.0,46867.0,451218.6,10352363.0,43586.0,72423.3,1428230.0,50708.0,68932.8,1698025.0,40596.0,679904.4,12810571.0,53074.0,294298.3,6649053.0,44262.0,146327.4,3138252.0,46627.0,139914.5,2913212.0,48028.0,178839.9,4447424.0,40212.0,202751.7,4680025.0,43323.0,60618.3,1334119.0,45437.0,355581.4,6017109.0,59095.0,449969.9,6843086.0,65755.0,450509.3,9966070.0,45204.0,296060.0,5543647.0,53405.0,108257.8,2991611.0,36187.0,273288.2,6100999.0,44794.0,47012.3,1046921.0,44905.0,95045.4,1911079.0,49734.0,133813.8,2940411.0,45509.0,76872.2,1346634.0,57085.0,557794.8,8882461.0,62797.0,81815.2,2093641.0,39078.0,1211738.3,19627857.0,61736.0,439114.2,10208036.0,43017.0,39858.9,756584.0,52683.0,534927.2,11653718.0,45902.0,167086.3,3931600.0,42498.0,191112.0,4115056.0,46442.0,667738.8,12795609.0,52185.0,53704.9,1057691.0,50776.0,205775.1,4988847.0,41247.0,42659.1,867763.0,49160.0,294751.8,6677315.0,44142.0,1318362.8,28065522.0,46974.0,130601.3,3067333.0,42578.0,31674.6,624838.0,50692.0,456775.3,8440409.0,54118.0,411112.8,7350506.0,55930.0,68970.5,1827935.0,37731.0,276382.0,5783810.0,47785.0,31896.9,583471.0,54667.0
2017-01-01,196920.4,4874595.0,40397.0,42003.9,741673.0,56634.0,291952.2,7010943.0,41642.0,124745.6,2999789.0,41585.0,2276491.7,39275811.0,57962.0,301513.9,5590505.0,53933.0,249508.8,3577592.0,69742.0,47855.7,955159.0,50102.0,53694.4,693614.0,77413.0,996671.6,20851277.0,47799.0,461151.3,10377840.0,44436.0,73670.8,1427283.0,51616.0,70159.7,1706569.0,41112.0,682442.8,12797623.0,53326.0,296766.6,6653723.0,44602.0,148515.9,3140123.0,47296.0,141221.9,2912049.0,48496.0,180634.9,4450287.0,40590.0,204343.8,4677271.0,43689.0,61526.5,1334623.0,46100.0,356571.5,6021379.0,59218.0,455126.4,6850730.0,66435.0,454610.2,9969659.0,45599.0,301717.4,5553384.0,54330.0,109451.3,2991138.0,36592.0,274351.6,6104649.0,44941.0,47954.8,1049610.0,45688.0,95267.1,1913278.0,49793.0,137728.4,2953017.0,46640.0,78034.1,1348016.0,57888.0,562856.1,8884393.0,63353.0,82115.3,2093326.0,39227.0,1247405.2,19613579.0,63599.0,445910.5,10234611.0,43569.0,39897.4,756575.0,52734.0,541772.0,11657633.0,46474.0,170553.9,3932169.0,43374.0,194371.0,4127641.0,47090.0,668980.5,12794290.0,52287.0,54081.6,1057161.0,51157.0,209497.0,5003954.0,41866.0,43505.7,870074.0,50002.0,298556.5,6691842.0,44615.0,1353164.4,28155090.0,48061.0,132087.1,3081534.0,42864.0,32104.9,624891.0,51377.0,461041.6,8452195.0,54547.0,417302.8,7380986.0,56538.0,70707.5,1824040.0,38764.0,279741.0,5787016.0,48339.0,32254.0,582027.0,55417.0
2017-04-01,198525.0,4876408.0,40711.0,42202.2,741148.0,56942.0,295172.3,7035055.0,41957.0,125168.2,3002204.0,41692.0,2303072.8,39313978.0,58582.0,306425.4,5607931.0,54641.0,252507.0,3575730.0,70617.0,48074.8,956930.0,50239.0,54090.7,695871.0,77731.0,1016646.7,20933143.0,48566.0,465844.8,10403070.0,44780.0,74209.9,1426138.0,52036.0,71666.6,1715192.0,41783.0,689700.4,12784650.0,53948.0,300104.1,6658655.0,45070.0,149175.4,3142214.0,47475.0,141965.6,2910992.0,48769.0,181571.4,4453398.0,40771.0,204951.2,4674446.0,43845.0,61935.9,1335228.0,46386.0,359708.1,6025384.0,59699.0,460557.4,6858619.0,67150.0,456875.3,9973430.0,45809.0,302923.3,5563431.0,54449.0,109496.0,2990562.0,36614.0,275956.8,6108543.0,45176.0,48720.0,1052338.0,46297.0,96583.9,1915573.0,50420.0,139728.0,2965491.0,47118.0,78643.1,1349470.0,58277.0,569804.6,8886104.0,64123.0,82406.3,2092815.0,39376.0,1263338.0,19598703.0,64460.0,450546.4,10261116.0,43908.0,40311.5,756612.0,53279.0,545246.7,11661903.0,46755.0,173500.2,3932735.0,44117.0,198035.8,4140343.0,47831.0,673933.0,12793287.0,52679.0,54856.2,1056656.0,51915.0,211759.8,5018944.0,42192.0,43773.2,872423.0,50174.0,301086.1,6706488.0,44895.0,1375423.1,28243338.0,48699.0,134275.9,3095919.0,43372.0,32215.1,624990.0,51545.0,464936.2,8463985.0,54931.0,422419.4,7411604.0,56994.0,70902.9,1820290.0,38951.0,282488.6,5790506.0,48785.0,32808.6,580611.0,56507.0
2017-07-01,199752.5,4880452.0,40929.0,42708.6,740519.0,57674.0,300483.3,7063884.0,42538.0,125748.9,3005353.0,41842.0,2330550.7,39356311.0,59217.0,311847.7,5628134.0,55409.0,253950.5,3575813.0,71019.0,48922.2,959247.0,51001.0,54743.5,698034.0,78425.0,1031423.4,21016217.0,49077.0,470641.3,10431211.0,45119.0,74869.6,1425613.0,52517.0,72568.4,1724035.0,42092.0,696642.7,12774957.0,54532.0,302814.8,6667512.0,45416.0,149229.2,3144971.0,47450.0,142834.8,2911550.0,49058.0,182872.4,4457230.0,41028.0,207049.1,4673196.0,44306.0,62801.0,1336507.0,46989.0,362951.3,6030866.0,60182.0,467050.3,6867279.0,68011.0,459104.7,9979551.0,46005.0,304026.1,5575006.0,54534.0,110345.0,2990161.0,36903.0,277874.1,6114105.0,45448.0,48964.4,1055017.0,46411.0,97329.7,1918327.0,50737.0,141977.1,2979910.0,47645.0,80231.5,1351167.0,59379.0,575533.0,8890054.0,64739.0,83065.2,2093351.0,39680.0,1276561.6,19590730.0,65162.0,454744.4,10291739.0,44185.0,40115.0,757257.0,52974.0,550235.1,11669380.0,47152.0,175305.0,3935432.0,44545.0,200069.8,4152472.0,48181.0,683483.2,12798634.0,53403.0,56053.7,1057065.0,53028.0,213436.1,5035988.0,42382.0,43846.5,874559.0,50136.0,303664.8,6723622.0,45164.0,1397969.9,28336925.0,49334.0,136900.4,3110283.0,44015.0,32521.0,625187.0,52018.0,469365.7,8477180.0,55368.0,428696.8,7441358.0,57610.0,71656.7,1817378.0,39429.0,286764.1,5795993.0,49476.0,33059.7,579950.0,57004.0
2017-10-01,202147.7,4884778.0,41383.0,43073.7,739538.0,58244.0,304011.9,7094536.0,42852.0,127457.1,3007994.0,42373.0,2364462.5,39389401.0,60028.0,318843.6,5648978.0,56443.0,256516.6,3576304.0,71727.0,49430.1,961731.0,51397.0,55284.3,699919.0,78987.0,1047782.7,21091090.0,49679.0,479315.9,10458594.0,45830.0,75076.5,1425263.0,52676.0,73871.0,1732413.0,42641.0,704537.9,12763531.0,55199.0,306889.9,6677709.0,45957.0,151269.8,3147082.0,48067.0,144896.5,2912530.0,49749.0,184825.2,4460101.0,41440.0,208468.6,4671747.0,44623.0,63451.4,1337854.0,47428.0,367876.0,6035544.0,60952.0,471665.6,6873930.0,68617.0,464436.7,9983993.0,46518.0,309213.4,5585812.0,55357.0,111136.7,2988759.0,37185.0,281473.2,6118836.0,46001.0,49458.9,1057209.0,46783.0,99267.4,1920816.0,51680.0,142633.3,2995204.0,47621.0,80653.8,1352552.0,59631.0,581736.0,8892771.0,65417.0,83853.0,2094127.0,40042.0,1304307.0,19582207.0,66607.0,461189.5,10322525.0,44678.0,40539.3,758202.0,53468.0,555837.0,11675271.0,47608.0,177602.1,3938663.0,45092.0,203506.2,4162321.0,48892.0,692084.0,12804736.0,54049.0,56212.3,1057930.0,53134.0,215812.5,5053154.0,42708.0,44126.8,876143.0,50365.0,308943.3,6740647.0,45833.0,1424739.8,28425791.0,50121.0,139371.6,3123600.0,44619.0,32783.5,625186.0,52438.0,474407.1,8488626.0,55887.0,436714.9,7467379.0,58483.0,72323.2,1814503.0,39858.0,288905.4,5801021.0,49803.0,33551.6,579830.0,57864.0
2018-01-01,204412.1,4886938.0,41828.0,43506.8,738291.0,58929.0,310010.7,7121796.0,43530.0,128744.9,3009269.0,42783.0,2383590.8,39406342.0,60487.0,323754.4,5667513.0,57125.0,260384.5,3575169.0,72831.0,50311.7,963738.0,52205.0,55718.1,701537.0,79423.0,1066354.4,21154693.0,50407.0,484369.6,10481854.0,46210.0,75385.3,1424382.0,52925.0,75275.3,1740036.0,43261.0,717004.9,12746490.0,56251.0,312646.3,6685010.0,46768.0,153227.2,3147677.0,48679.0,146477.7,2912179.0,50298.0,185819.1,4461055.0,41654.0,211951.8,4668290.0,45402.0,64298.5,1338524.0,48037.0,367616.9,6037635.0,60888.0,479649.7,6877647.0,69740.0,471703.3,9983922.0,47246.0,313321.1,5594097.0,56009.0,111474.2,2986095.0,37331.0,283917.3,6120789.0,46386.0,50261.2,1058877.0,47467.0,99501.0,1922397.0,51759.0,146972.7,3009173.0,48842.0,82283.8,1353331.0,60801.0,588936.5,8891455.0,66236.0,85113.4,2093874.0,40649.0,1299903.9,19565020.0,66440.0,466264.4,10348855.0,45055.0,41759.9,758810.0,55033.0,561017.4,11675820.0,48050.0,179764.7,3940094.0,45624.0,207089.1,4170207.0,49659.0,703476.5,12804619.0,54939.0,56766.6,1058359.0,53636.0,218617.8,5068021.0,43137.0,45228.7,877305.0,51554.0,313989.8,6754715.0,46485.0,1453750.0,28503171.0,51003.0,142922.3,3135757.0,45578.0,33054.0,624925.0,52893.0,478402.9,8496553.0,56306.0,446409.0,7490174.0,59599.0,73196.5,1810765.0,40423.0,293840.6,5803390.0,50633.0,34071.4,579428.0,58802.0
2018-04-01,205930.8,4889702.0,42115.0,43730.3,737131.0,59325.0,313092.9,7149569.0,43792.0,129853.4,3010961.0,43127.0,2418519.2,39424643.0,61345.0,328930.4,5686872.0,57840.0,262561.2,3574474.0,73455.0,50920.2,965828.0,52722.0,56199.8,703243.0,79915.0,1077687.5,21219783.0,50787.0,489862.2,10506199.0,46626.0,76021.3,1423427.0,53407.0,76100.5,1747931.0,43537.0,725650.0,12731033.0,56999.0,314938.5,6693482.0,47052.0,154829.6,3148894.0,49170.0,148143.7,2912328.0,50868.0,187949.8,4462862.0,42114.0,214571.7,4665401.0,45992.0,64917.7,1339483.0,48465.0,370677.0,6040226.0,61368.0,483565.5,6882484.0,70260.0,475165.2,9985383.0,47586.0,317923.8,5603418.0,56737.0,112538.6,2983740.0,37717.0,288926.5,6123756.0,47181.0,50744.0,1060750.0,47838.0,100195.1,1924336.0,52067.0,148204.1,3023352.0,49020.0,82737.2,1354375.0,61089.0,594021.5,8890988.0,66812.0,85939.8,2093660.0,41048.0,1313329.3,19549683.0,67179.0,472576.8,10376447.0,45543.0,42379.4,759588.0,55793.0,566352.4,11678292.0,48496.0,181091.9,3942051.0,45938.0,209771.7,4178762.0,50199.0,710825.8,12806579.0,55505.0,57128.0,1058923.0,53949.0,221005.8,5083453.0,43476.0,45396.0,878630.0,51667.0,317313.7,6769854.0,46872.0,1471501.9,28582279.0,51483.0,145032.3,3148477.0,46064.0,33350.0,624794.0,53378.0,481892.7,8505530.0,56656.0,449889.1,7514032.0,59873.0,74175.5,1807404.0,41040.0,295344.1,5806869.0,50861.0,34471.8,579127.0,59524.0
2018-07-01,207561.9,4894401.0,42408.0,44436.4,736322.0,60349.0,318117.1,7181461.0,44297.0,131484.2,3013701.0,43629.0,2451370.7,39443390.0,62149.0,335103.0,5705573.0,58733.0,266950.2,3574066.0,74691.0,51760.7,968363.0,53452.0,57084.9,704730.0,81003.0,1095763.8,21288844.0,51471.0,497724.8,10534305.0,47248.0,76491.6,1422350.0,53778.0,76934.0,1756936.0,43789.0,731620.4,12719357.0,57520.0,317772.3,6703408.0,47405.0,156183.4,3151570.0,49557.0,149669.7,2913161.0,51377.0,188990.0,4465841.0,42319.0,216132.8,4664325.0,46337.0,65513.5,1341043.0,48853.0,374416.2,6044641.0,61942.0,489022.9,6887800.0,70998.0,478496.3,9988441.0,47905.0,321346.2,5613428.0,57246.0,113002.3,2982709.0,37886.0,290574.1,6128672.0,47412.0,51056.7,1063027.0,48030.0,101103.3,1926651.0,52476.0,150557.2,3038705.0,49547.0,83713.0,1355961.0,61737.0,600657.2,8893075.0,67542.0,87132.8,2094895.0,41593.0,1324599.5,19536983.0,67800.0,477717.4,10406637.0,45905.0,43006.0,760614.0,56541.0,573131.0,11684566.0,49050.0,183473.7,3946256.0,46493.0,213435.9,4188272.0,50960.0,722391.6,12809942.0,56393.0,57395.1,1059357.0,54179.0,223840.8,5100743.0,43884.0,45809.9,880483.0,52028.0,322742.6,6785603.0,47563.0,1494212.3,28673803.0,52111.0,147398.3,3161485.0,46623.0,33566.4,624795.0,53724.0,487344.0,8517781.0,57215.0,457991.6,7538748.0,60752.0,75589.1,1804904.0,41880.0,299270.2,5812043.0,51491.0,34922.0,579279.0,60285.0
2018-10-01,210309.6,4899364.0,42926.0,44737.2,735674.0,60811.0,321708.0,7214922.0,44589.0,133378.3,3016441.0,44217.0,2473807.1,39450951.0,62706.0,340033.8,5721755.0,59428.0,267156.5,3572588.0,74780.0,52249.2,971005.0,53809.0,57288.7,705863.0,81161.0,1108948.8,21353329.0,51933.0,500742.9,10563140.0,47405.0,76837.5,1420781.0,54081.0,78412.7,1766476.0,44389.0,739189.4,12707131.0,58171.0,321771.9,6712551.0,47936.0,160048.4,3154519.0,50736.0,151531.9,2913608.0,52008.0,190689.2,4468522.0,42674.0,217790.0,4663547.0,46701.0,65757.0,1342703.0,48974.0,376077.2,6048960.0,62172.0,492577.5,6891196.0,71479.0,480542.5,9989553.0,48105.0,325885.3,5622130.0,57965.0,114257.2,2982061.0,38315.0,294397.9,6133328.0,48000.0,51895.9,1065295.0,48715.0,104017.3,1928729.0,53930.0,153422.8,3054305.0,50232.0,83910.2,1357615.0,61807.0,604405.0,8894619.0,67952.0,87941.6,2096873.0,41939.0,1327926.8,19520436.0,68028.0,485374.7,10435974.0,46510.0,44142.1,761645.0,57956.0,578563.7,11690443.0,49490.0,185966.9,3951247.0,47065.0,215361.6,4197169.0,51311.0,728652.3,12809767.0,56883.0,58197.6,1059234.0,54943.0,226794.3,5118227.0,44311.0,47693.4,882561.0,54040.0,325751.1,6799757.0,47906.0,1513022.2,28769210.0,52592.0,149952.4,3173915.0,47245.0,33778.5,624709.0,54071.0,492107.7,8530633.0,57687.0,462738.3,7561779.0,61194.0,76150.4,1802547.0,42246.0,302465.6,5816789.0,51999.0,35298.3,579630.0,60898.0
2019-01-01,213580.1,4902271.0,43568.0,44947.1,734770.0,61172.0,328327.3,7245115.0,45317.0,134301.9,3017916.0,44502.0,2510292.8,39443263.0,63643.0,346279.4,5735770.0,60372.0,270351.9,3569578.0,75738.0,52188.1,973173.0,53627.0,56690.8,706753.0,80213.0,1127159.0,21407110.0,52653.0,511547.8,10588013.0,48314.0,77642.6,1418688.0,54728.0,80323.8,1775302.0,45245.0,744627.7,12689730.0,58680.0,326567.2,6719081.0,48603.0,158528.8,3156137.0,50229.0,153511.2,2912859.0,52701.0,194026.0,4469484.0,43411.0,220886.9,4660942.0,47391.0,67225.7,1343738.0,50029.0,377946.6,6050804.0,62462.0,504701.1,6891845.0,73232.0,487481.4,9986456.0,48814.0,326360.8,5628507.0,57984.0,115364.3,2980225.0,38710.0,298120.7,6135402.0,48590.0,52904.6,1067097.0,49578.0,103306.4,1930032.0,53526.0,156710.6,3068652.0,51068.0,86540.0,1358702.0,63693.0,614159.4,8892434.0,69065.0,89214.4,2097857.0,42526.0,1346981.4,19495816.0,69091.0,494553.0,10461063.0,47276.0,44150.7,762365.0,57913.0,582932.1,11691442.0,49860.0,191040.8,3954579.0,48309.0,218140.0,4204233.0,51886.0,733177.8,12803887.0,57262.0,59474.5,1058682.0,56178.0,231953.5,5133526.0,45184.0,48064.9,884268.0,54356.0,332054.7,6811165.0,48752.0,1526368.9,28853875.0,52900.0,155256.2,3185319.0,48741.0,34512.5,624370.0,55276.0,497123.3,8540136.0,58210.0,473521.6,7581809.0,62455.0,76289.4,1799386.0,42397.0,305416.5,5819098.0,52485.0,35285.4,579763.0,60862.0
2019-04-01,215125.8,4905709.0,43852.0,45149.9,733948.0,61516.0,331518.5,7275739.0,45565.0,134456.4,3019728.0,44526.0,2534354.5,39436971.0,64263.0,347920.7,5750513.0,60503.0,269829.9,3566936.0,75648.0,52383.1,975438.0,53702.0,56965.2,707718.0,80491.0,1135181.7,21462029.0,52893.0,516600.9,10613934.0,48672.0,78149.6,1416525.0,55170.0,81299.7,1784341.0,45563.0,745028.9,12673674.0,58786.0,328108.8,6726545.0,48778.0,157750.5,3158196.0,49950.0,153595.7,2912498.0,52737.0,195253.5,4471071.0,43670.0,221085.0,4658811.0,47455.0,67567.9,1344997.0,50236.0,380467.2,6053126.0,62855.0,505549.0,6893345.0,73339.0,491845.6,9984599.0,49260.0,327668.3,5635773.0,58141.0,115450.6,2978685.0,38759.0,298703.5,6138321.0,48662.0,53110.1,1069029.0,49681.0,103017.7,1931587.0,53333.0,158112.9,3083172.0,51283.0,86621.1,1359995.0,63692.0,617871.7,8890986.0,69494.0,89899.7,2098910.0,42832.0,1361620.4,19472633.0,69925.0,498483.2,10487194.0,47533.0,43743.5,763218.0,57315.0,584838.9,11693962.0,50012.0,189975.4,3958359.0,47993.0,219613.8,4211836.0,52142.0,735849.8,12799550.0,57490.0,59883.3,1058247.0,56587.0,232972.6,5149267.0,45244.0,47795.9,886104.0,53939.0,333614.7,6823430.0,48893.0,1533734.9,28940565.0,52996.0,155528.3,3197157.0,48646.0,34383.6,624096.0,55093.0,499727.1,8550529.0,58444.0,476821.1,7602731.0,62717.0,76440.9,1796494.0,42550.0,307394.4,5822288.0,52796.0,35212.9,579955.0,60717.0
2019-07-01,216690.0,4910975.0,44124.0,45450.0,733448.0,61968.0,335868.4,7310196.0,45945.0,135673.5,3022961.0,44881.0,2547609.0,39440607.0,64594.0,352683.1,5765979.0,61166.0,269448.6,3565941.0,75562.0,52624.2,978226.0,53796.0,57375.8,709015.0,80923.0,1142137.1,21529361.0,53050.0,520118.6,10640989.0,48879.0,78945.0,1414992.0,55792.0,82365.7,1794201.0,45907.0,750354.2,12660557.0,59267.0,330575.6,6735602.0,49079.0,160869.3,3160900.0,50894.0,155639.4,2913537.0,53419.0,196822.4,4473966.0,43993.0,222179.4,4657862.0,47700.0,67971.4,1346669.0,50474.0,381787.6,6056800.0,63035.0,506612.1,6896588.0,73458.0,492748.3,9985152.0,49348.0,331025.5,5643632.0,58655.0,116767.2,2977608.0,39215.0,301496.2,6143396.0,49076.0,53887.9,1071696.0,50283.0,105090.2,1933665.0,54348.0,159448.4,3097568.0,51475.0,86811.3,1361811.0,63747.0,620427.1,8892789.0,69767.0,91117.2,2101089.0,43367.0,1363740.6,19453075.0,70104.0,501559.9,10516638.0,47692.0,44831.6,764091.0,58673.0,587992.2,11699118.0,50260.0,191474.1,3964191.0,48301.0,221691.9,4220433.0,52528.0,736906.3,12800631.0,57568.0,59824.1,1058316.0,56528.0,235048.8,5166699.0,45493.0,48922.6,888036.0,55091.0,335440.7,6839050.0,49048.0,1549184.5,29040906.0,53345.0,157950.1,3209758.0,49209.0,34618.8,624124.0,55468.0,504460.7,8563151.0,58911.0,481018.1,7625982.0,63076.0,76397.6,1794410.0,42575.0,308412.9,5827061.0,52928.0,35485.6,580530.0,61126.0
2019-10-01,218325.6,4916419.0,44407.0,45628.5,733072.0,62243.0,340381.5,7345938.0,46336.0,136778.9,3026581.0,45193.0,2584683.7,39441890.0,65531.0,354677.2,5780371.0,61359.0,271500.8,3565302.0,76151.0,52954.9,981245.0,53967.0,57929.5,710462.0,81538.0,1154719.4,21600635.0,53458.0,524844.6,10665810.0,49208.0,79327.3,1413642.0,56116.0,83347.2,1804300.0,46194.0,755235.7,12646093.0,59721.0,333476.3,6744123.0,49447.0,161509.6,3163175.0,51059.0,157097.7,2914991.0,53893.0,198900.3,4476796.0,44429.0,224087.4,4656516.0,48123.0,68656.8,1348324.0,50920.0,385385.3,6059768.0,63597.0,509594.6,6899233.0,73862.0,496013.5,9984721.0,49677.0,333041.1,5650200.0,58943.0,117761.2,2975983.0,39571.0,303863.5,6148622.0,49420.0,54547.6,1074735.0,50755.0,106306.4,1935663.0,54920.0,161423.7,3110786.0,51892.0,87217.9,1363723.0,63956.0,623804.9,8894656.0,70133.0,91925.4,2103714.0,43697.0,1373548.3,19430593.0,70690.0,507391.3,10545919.0,48113.0,44955.1,764762.0,58783.0,592946.1,11703018.0,50666.0,192976.9,3970762.0,48599.0,225299.6,4228523.0,53281.0,742709.7,12802433.0,58013.0,60453.7,1058532.0,57111.0,237799.8,5184034.0,45872.0,49407.7,889759.0,55529.0,337890.8,6855807.0,49285.0,1566794.6,29145907.0,53757.0,160605.6,3222326.0,49842.0,34763.6,624193.0,55694.0,509092.0,8575252.0,59368.0,488002.7,7649029.0,63799.0,76070.0,1792515.0,42438.0,311673.7,5831389.0,53448.0,35714.1,581287.0,61440.0
2020-01-01,220503.8,4919385.0,44823.0,45416.0,732407.0,62009.0,345632.5,7378105.0,46846.0,137821.2,3028684.0,45505.0,2622319.5,39427174.0,66510.0,360275.8,5792330.0,62199.0,273225.2,3562853.0,76687.0,53915.5,983714.0,54808.0,58721.0,711598.0,82520.0,1170131.3,21659884.0,54023.0,529359.8,10685821.0,49539.0,79522.5,1411684.0,56332.0,85208.0,1813615.0,46982.0,761809.6,12625670.0,60338.0,337771.7,6749563.0,50043.0,162090.1,3163869.0,51232.0,157837.6,2915050.0,54146.0,200790.3,4477580.0,44843.0,225340.1,4652911.0,48430.0,69747.7,1349254.0,51694.0,390540.0,6059754.0,64448.0,517130.6,6898624.0,74961.0,498900.1,9979328.0,49993.0,337428.2,5654054.0,59679.0,118876.9,2972908.0,39987.0,306862.5,6150802.0,49890.0,54541.7,1077213.0,50632.0,107252.6,1936742.0,55378.0,164957.5,3122643.0,52826.0,88831.3,1364948.0,65080.0,633312.1,8892331.0,71220.0,93388.9,2105359.0,44358.0,1383664.6,19398857.0,71327.0,514526.8,10570086.0,48678.0,45649.5,765074.0,59667.0,600175.9,11701100.0,51292.0,192515.1,3975430.0,48426.0,228679.0,4234519.0,54004.0,748570.4,12797416.0,58494.0,61059.1,1058208.0,57700.0,240475.4,5198709.0,46257.0,50711.9,891075.0,56911.0,341206.4,6869301.0,49671.0,1569356.6,29239757.0,53672.0,162323.7,3233763.0,50197.0,35360.3,623958.0,56671.0,515769.5,8583347.0,60090.0,496669.4,7668664.0,64766.0,76647.4,1789633.0,42829.0,313599.6,5832860.0,53764.0,35653.5,581779.0,61284.0
2020-04-01,239992.0,4920954.0,48769.0,48729.7,731605.0,66607.0,386818.9,7407412.0,52221.0,151525.8,3029995.0,50009.0,2794362.3,39392248.0,70937.0,382610.2,5802805.0,65935.0,284947.4,3559122.0,80061.0,57035.2,985835.0,57855.0,63402.3,712460.0,88991.0,1245820.8,21710061.0,57384.0,578984.7,10702475.0,54098.0,88054.7,1408762.0,62505.0,92679.3,1822513.0,50852.0,816601.9,12600937.0,64805.0,362302.1,6753337.0,53648.0,177609.2,3163732.0,56139.0,170490.9,2914318.0,58501.0,226911.5,4477422.0,50679.0,251982.9,4648004.0,54213.0,78020.5,1349857.0,57799.0,416733.5,6057454.0,68797.0,563989.1,6895616.0,81790.0,571734.4,9971093.0,57339.0,369696.2,5656419.0,65359.0,134069.1,2968921.0,45158.0,334622.5,6151427.0,54398.0,61337.9,1079466.0,56822.0,115856.0,1937348.0,59801.0,175735.0,3133273.0,56087.0,94577.5,1365849.0,69244.0,666296.8,8886338.0,74980.0,102972.7,2106155.0,48891.0,1496266.9,19358910.0,77291.0,555556.5,10590996.0,52456.0,49507.5,765243.0,64695.0,658096.2,11696135.0,56266.0,210266.9,3979102.0,52843.0,247174.9,4239315.0,58305.0,826960.9,12788403.0,64665.0,67766.9,1057524.0,64081.0,263820.8,5211779.0,50620.0,54731.8,892182.0,61346.0,364236.5,6881164.0,52932.0,1669453.1,29322694.0,56934.0,176267.7,3244602.0,54326.0,39411.5,623554.0,63205.0,547011.8,8588604.0,63690.0,533734.5,7685747.0,69445.0,87240.8,1786411.0,48836.0,338139.5,5832853.0,57972.0,37505.0,582157.0,64424.0
2020-07-01,228757.7,4924127.0,46456.0,45631.7,730832.0,62438.0,375055.6,7439087.0,50417.0,141731.5,3032333.0,46740.0,2848748.9,39363261.0,72371.0,368037.4,5814775.0,63293.0,280433.5,3555590.0,78871.0,55273.7,988196.0,55934.0,62812.3,713198.0,88071.0,1220732.1,21761157.0,56097.0,562327.5,10720826.0,52452.0,81759.8,1405965.0,58152.0,88187.4,1831954.0,48138.0,799112.4,12578779.0,63529.0,350684.6,6758180.0,51890.0,166848.6,3164061.0,52732.0,160906.2,2914230.0,55214.0,209931.8,4478653.0,46874.0,239108.6,4644149.0,51486.0,71934.3,1350792.0,53253.0,409331.8,6055661.0,67595.0,540569.6,6891926.0,78435.0,534118.5,9965997.0,53594.0,347531.0,5659622.0,61405.0,124763.4,2966316.0,42060.0,314342.5,6154104.0,51079.0,56754.8,1082001.0,52454.0,109348.9,1938407.0,56412.0,167946.4,3144432.0,53411.0,90828.1,1366952.0,66446.0,656932.5,8880858.0,73972.0,98167.3,2107303.0,46584.0,1468978.1,19320970.0,76030.0,532470.8,10614498.0,50164.0,45942.8,765601.0,60009.0,629265.7,11694445.0,53809.0,195300.5,3983811.0,49024.0,239288.7,4245292.0,56366.0,802902.7,12782588.0,62812.0,65152.6,1057071.0,61635.0,249264.9,5226660.0,47691.0,51587.6,893369.0,57745.0,351072.3,6895106.0,50916.0,1625556.1,29406563.0,55279.0,167585.6,3255803.0,51473.0,36451.8,623333.0,58479.0,532270.0,8594104.0,61934.0,519835.7,7702749.0,67487.0,78905.5,1783796.0,44235.0,319489.8,5834484.0,54759.0,35228.0,582693.0,60457.0
2020-10-01,225741.7,4928670.0,45802.0,45943.8,730138.0,62925.0,366327.6,7473388.0,49018.0,141513.0,3035564.0,46618.0,2787817.3,39349300.0,70848.0,370645.1,5828171.0,63595.0,279843.3,3552301.0,78778.0,55205.0,990851.0,55715.0,61888.9,713905.0,86691.0,1203299.5,21814197.0,55161.0,547593.9,10741218.0,50981.0,80772.3,1403784.0,57539.0,90236.1,1841857.0,48992.0,791017.8,12559673.0,62981.0,352279.6,6763974.0,52082.0,170178.7,3164703.0,53774.0,164614.0,2914698.0,56477.0,210156.9,4480945.0,46900.0,228877.1,4641229.0,49314.0,73068.6,1351930.0,54048.0,401477.7,6054671.0,66309.0,541731.7,6887991.0,78649.0,518481.2,9963565.0,52038.0,348483.4,5663552.0,61531.0,122243.3,2964929.0,41230.0,316248.8,6158432.0,51352.0,58006.2,1084745.0,53475.0,113722.5,1939875.0,58624.0,165710.1,3156432.0,52499.0,92455.4,1368179.0,67576.0,653454.2,8876834.0,73613.0,95885.0,2109032.0,45464.0,1411288.3,19287180.0,73172.0,530523.2,10640407.0,49859.0,47257.5,766086.0,61687.0,621387.7,11695351.0,53131.0,196125.9,3989339.0,49162.0,240245.7,4252262.0,56498.0,776466.7,12779376.0,60759.0,63221.0,1056826.0,59822.0,248733.3,5243144.0,47440.0,54651.5,894597.0,61091.0,349670.0,6910829.0,50597.0,1610174.7,29495549.0,54590.0,172448.3,3267452.0,52778.0,36353.3,623198.0,58333.0,533973.5,8600325.0,62088.0,515524.8,7720285.0,66775.0,78422.4,1781568.0,44019.0,325779.0,5837390.0,55809.0,35692.5,583332.0,61187.0
2021-01-01,260165.8,4930141.0,52770.0,50908.5,729197.0,69814.0,412559.1,7503701.0,54981.0,162843.0,3036787.0,53623.0,3069232.0,39320927.0,78056.0,409603.8,5838464.0,70156.0,302079.5,3548297.0,85134.0,61491.8,992986.0,61926.0,66028.6,714667.0,92391.0,1364007.6,21863957.0,62386.0,625758.6,10757490.0,58170.0,90455.0,1401274.0,64552.0,102647.3,1850797.0,55461.0,883844.9,12534991.0,70510.0,401545.0,6767021.0,59339.0,190195.4,3164178.0,60109.0,180596.3,2913752.0,61981.0,241105.5,4480430.0,53813.0,262916.4,4636038.0,56711.0,82198.8,1352370.0,60781.0,446579.0,6052133.0,73789.0,587747.0,6884020.0,85378.0,590799.7,9955104.0,59346.0,387039.0,5665311.0,68317.0,143908.0,2961129.0,48599.0,358461.9,6158796.0,58203.0,65459.3,1086888.0,60226.0,125501.3,1940334.0,64680.0,189134.2,3167315.0,59714.0,100593.4,1368893.0,73485.0,713107.7,8870833.0,80388.0,110656.4,2109925.0,52446.0,1575202.6,19247975.0,81837.0,607087.6,10661149.0,56944.0,52063.7,766155.0,67955.0,705959.6,11689678.0,60392.0,222095.7,3992739.0,55625.0,268161.4,4256922.0,62994.0,865135.6,12769811.0,67749.0,70438.2,1056105.0,66696.0,285109.7,5256371.0,54241.0,59543.3,895568.0,66487.0,400750.5,6922373.0,57892.0,1817084.3,29578917.0,61432.0,192667.3,3277945.0,58777.0,40657.0,622747.0,65287.0,586034.8,8604790.0,68106.0,569821.4,7736762.0,73651.0,91251.7,1778133.0,51319.0,361225.9,5837002.0,61886.0,39582.5,583653.0,67819.0
2021-04-01,237569.3,4932200.0,48167.0,48328.8,728469.0,66343.0,385100.4,7534248.0,51113.0,150557.8,3038401.0,49552.0,2947026.1,39289961.0,75007.0,393676.2,5849598.0,67300.0,291690.4,3544930.0,82284.0,57792.7,995225.0,58070.0,64515.5,715603.0,90155.0,1292009.3,21916767.0,58951.0,585078.4,10775320.0,54298.0,85362.6,1398512.0,61038.0,94917.6,1860060.0,51029.0,836600.9,12511672.0,66866.0,372444.1,6771473.0,55002.0,180113.0,3164353.0,56919.0,171373.5,2913307.0,58824.0,221240.9,4480714.0,49376.0,246198.1,4631606.0,53156.0,76557.6,1353109.0,56579.0,417297.3,6050432.0,68970.0,569068.7,6881699.0,82693.0,551964.2,9947871.0,55486.0,370357.5,5668240.0,65339.0,130056.4,2957449.0,43976.0,333748.5,6160030.0,54180.0,61721.7,1089268.0,56663.0,121057.7,1941133.0,62364.0,178824.1,3178410.0,56262.0,98883.1,1369930.0,72181.0,681614.8,8865730.0,76882.0,101549.4,2110930.0,48106.0,1495985.7,19210236.0,77874.0,563818.1,10683292.0,52776.0,50886.8,766400.0,66397.0,651043.6,11685870.0,55712.0,206983.0,3996822.0,51787.0,251174.2,4262164.0,58931.0,817475.5,12762077.0,64055.0,67072.9,1055525.0,63545.0,263062.0,5270105.0,49916.0,57468.2,896770.0,64084.0,371623.9,6935011.0,53587.0,1719430.0,29665740.0,57960.0,179802.2,3289256.0,54663.0,37726.2,622405.0,60614.0,552640.9,8610911.0,64179.0,550063.0,7754761.0,70932.0,82926.3,1775108.0,46716.0,336924.1,5837570.0,57716.0,37322.6,584090.0,63899.0
2021-07-01,239070.3,4936526.0,48429.0,48619.0,727870.0,66796.0,388859.8,7568199.0,51381.0,151651.5,3041450.0,49862.0,2968373.7,39270204.0,75588.0,399309.5,5863017.0,68106.0,293153.3,3542240.0,82759.0,58574.8,997840.0,58702.0,64981.3,716510.0,90691.0,1299644.7,21973418.0,59146.0,586173.4,10796290.0,54294.0,85926.4,1396062.0,61549.0,95757.9,1870123.0,51204.0,845191.7,12492593.0,67655.0,376521.7,6777901.0,55551.0,179749.4,3165418.0,56785.0,172046.0,2913897.0,59043.0,224844.4,4482989.0,50155.0,248689.1,4628844.0,53726.0,76724.8,1354360.0,56650.0,421149.9,6050050.0,69611.0,571732.8,6879618.0,83105.0,549461.0,9945104.0,55249.0,371814.2,5672766.0,65544.0,129825.7,2955544.0,43926.0,333376.4,6164142.0,54083.0,61973.3,1092077.0,56748.0,121282.6,1942645.0,62432.0,179436.4,3190463.0,56242.0,98034.8,1371355.0,71488.0,688956.7,8862327.0,77740.0,102375.9,2112571.0,48460.0,1500641.7,19177076.0,78252.0,571105.1,10709469.0,53327.0,50306.2,766936.0,65594.0,652615.0,11686901.0,55842.0,207572.6,4002480.0,51861.0,253901.8,4269161.0,59473.0,823147.5,12759245.0,64514.0,67545.1,1055318.0,64005.0,264046.9,5286369.0,49949.0,57381.1,898170.0,63887.0,375014.1,6950667.0,53954.0,1736253.0,29757438.0,58347.0,182332.1,3301368.0,55229.0,37538.1,622329.0,60319.0,557342.3,8618425.0,64669.0,552830.0,7773709.0,71115.0,83308.6,1772924.0,46989.0,339216.9,5840560.0,58080.0,37443.3,584763.0,64032.0
