date,Year,Period,labor force participation rate,employment-population ratio,labor force,employment,unemployment,unemployment rate,State
2012-01-01,2012,Jan,64.1,58.0,4765809.0,4312847.0,452962.0,9.5,Georgia
2012-02-01,2012,Feb,64.0,58.0,4764273.0,4315884.0,448389.0,9.4,Georgia
2012-03-01,2012,Mar,64.0,58.0,4764404.0,4318945.0,445459.0,9.3,Georgia
2012-04-01,2012,Apr,63.9,58.0,4765619.0,4322617.0,443002.0,9.3,Georgia
2012-05-01,2012,May,63.9,58.0,4767757.0,4327976.0,439781.0,9.2,Georgia
2012-06-01,2012,Jun,63.8,58.0,4770468.0,4335207.0,435261.0,9.1,Georgia
2012-07-01,2012,Jul,63.8,58.0,4773009.0,4343500.0,429509.0,9.0,Georgia
2012-08-01,2012,Aug,63.8,58.1,4775669.0,4351928.0,423741.0,8.9,Georgia
2012-09-01,2012,Sep,63.7,58.2,4778749.0,4359383.0,419366.0,8.8,Georgia
2012-10-01,2012,Oct,63.7,58.2,4780398.0,4364003.0,416395.0,8.7,Georgia
2012-11-01,2012,Nov,63.6,58.1,4779443.0,4365109.0,414334.0,8.7,Georgia
2012-12-01,2012,Dec,63.5,58.1,4776076.0,4363590.0,412486.0,8.6,Georgia
2013-01-01,2013,Jan,63.4,58.0,4771071.0,4360605.0,410466.0,8.6,Georgia
2013-02-01,2013,Feb,63.3,57.9,4765817.0,4357909.0,407908.0,8.6,Georgia
2013-03-01,2013,Mar,63.2,57.8,4761620.0,4357295.0,404325.0,8.5,Georgia
2013-04-01,2013,Apr,63.1,57.8,4759649.0,4359853.0,399796.0,8.4,Georgia
2013-05-01,2013,May,63.1,57.8,4758784.0,4363716.0,395068.0,8.3,Georgia
2013-06-01,2013,Jun,63.0,57.8,4757233.0,4366608.0,390625.0,8.2,Georgia
2013-07-01,2013,Jul,62.9,57.8,4753872.0,4367542.0,386330.0,8.1,Georgia
2013-08-01,2013,Aug,62.7,57.7,4747684.0,4366691.0,380993.0,8.0,Georgia
2013-09-01,2013,Sep,62.6,57.6,4739785.0,4365522.0,374263.0,7.9,Georgia
2013-10-01,2013,Oct,62.4,57.6,4733883.0,4366214.0,367669.0,7.8,Georgia
2013-11-01,2013,Nov,62.3,57.6,4732267.0,4370024.0,362243.0,7.7,Georgia
2013-12-01,2013,Dec,62.3,57.6,4734481.0,4376243.0,358238.0,7.6,Georgia
2014-01-01,2014,Jan,62.3,57.6,4738716.0,4383593.0,355123.0,7.5,Georgia
2014-02-01,2014,Feb,62.3,57.7,4743210.0,4390706.0,352504.0,7.4,Georgia
2014-03-01,2014,Mar,62.3,57.7,4746928.0,4396047.0,350881.0,7.4,Georgia
2014-04-01,2014,Apr,62.2,57.6,4748750.0,4398631.0,350119.0,7.4,Georgia
2014-05-01,2014,May,62.2,57.6,4748727.0,4399795.0,348932.0,7.3,Georgia
2014-06-01,2014,Jun,62.1,57.6,4748412.0,4401903.0,346509.0,7.3,Georgia
2014-07-01,2014,Jul,62.0,57.6,4748222.0,4405529.0,342693.0,7.2,Georgia
2014-08-01,2014,Aug,62.0,57.5,4748449.0,4410760.0,337689.0,7.1,Georgia
2014-09-01,2014,Sep,61.9,57.6,4748685.0,4416904.0,331781.0,7.0,Georgia
2014-10-01,2014,Oct,61.8,57.6,4747387.0,4422548.0,324839.0,6.8,Georgia
2014-11-01,2014,Nov,61.7,57.5,4744010.0,4426681.0,317329.0,6.7,Georgia
2014-12-01,2014,Dec,61.5,57.5,4740275.0,4429609.0,310666.0,6.6,Georgia
2015-01-01,2015,Jan,61.4,57.5,4737642.0,4431983.0,305659.0,6.5,Georgia
2015-02-01,2015,Feb,61.4,57.4,4736239.0,4433957.0,302282.0,6.4,Georgia
2015-03-01,2015,Mar,61.3,57.4,4735865.0,4436481.0,299384.0,6.3,Georgia
2015-04-01,2015,Apr,61.2,57.4,4735991.0,4439804.0,296187.0,6.3,Georgia
2015-05-01,2015,May,61.1,57.4,4735398.0,4442925.0,292473.0,6.2,Georgia
2015-06-01,2015,Jun,61.0,57.3,4733228.0,4444943.0,288285.0,6.1,Georgia
2015-07-01,2015,Jul,60.9,57.3,4730359.0,4446220.0,284139.0,6.0,Georgia
2015-08-01,2015,Aug,60.8,57.2,4728148.0,4447634.0,280514.0,5.9,Georgia
2015-09-01,2015,Sep,60.7,57.2,4727779.0,4450420.0,277359.0,5.9,Georgia
2015-10-01,2015,Oct,60.7,57.2,4730976.0,4456067.0,274909.0,5.8,Georgia
2015-11-01,2015,Nov,60.7,57.2,4737800.0,4464354.0,273446.0,5.8,Georgia
2015-12-01,2015,Dec,60.7,57.2,4745734.0,4473442.0,272292.0,5.7,Georgia
2016-01-01,2016,Jan,60.7,57.2,4752310.0,4481522.0,270788.0,5.7,Georgia
2016-02-01,2016,Feb,60.7,57.2,4756401.0,4487435.0,268966.0,5.7,Georgia
2016-03-01,2016,Mar,61.1,57.7,4796311.0,4529480.0,266831.0,5.6,Georgia
2016-04-01,2016,Apr,61.5,58.1,4833906.0,4568888.0,265018.0,5.5,Georgia
2016-05-01,2016,May,61.9,58.5,4870975.0,4606634.0,264341.0,5.4,Georgia
2016-06-01,2016,Jun,62.3,58.9,4908561.0,4643573.0,264988.0,5.4,Georgia
2016-07-01,2016,Jul,62.7,59.3,4947062.0,4680456.0,266606.0,5.4,Georgia
2016-08-01,2016,Aug,63.1,59.7,4986532.0,4717653.0,268879.0,5.4,Georgia
2016-09-01,2016,Sep,63.3,59.9,5007844.0,4736489.0,271355.0,5.4,Georgia
2016-10-01,2016,Oct,64.0,60.5,5065858.0,4793054.0,272804.0,5.4,Georgia
2016-11-01,2016,Nov,63.9,60.5,5066497.0,4794312.0,272185.0,5.4,Georgia
2016-12-01,2016,Dec,63.8,60.4,5068628.0,4799051.0,269577.0,5.3,Georgia
2017-01-01,2017,Jan,63.8,60.5,5073481.0,4808548.0,264933.0,5.2,Georgia
2017-02-01,2017,Feb,63.8,60.6,5079507.0,4819383.0,260124.0,5.1,Georgia
2017-03-01,2017,Mar,63.9,60.7,5086362.0,4830976.0,255386.0,5.0,Georgia
2017-04-01,2017,Apr,63.9,60.7,5094342.0,4843239.0,251103.0,4.9,Georgia
2017-05-01,2017,May,63.9,60.8,5103277.0,4856196.0,247081.0,4.8,Georgia
2017-06-01,2017,Jun,64.0,60.9,5112111.0,4868580.0,243531.0,4.8,Georgia
2017-07-01,2017,Jul,64.0,61.0,5119769.0,4879233.0,240536.0,4.7,Georgia
2017-08-01,2017,Aug,64.0,61.0,5124787.0,4887201.0,237586.0,4.6,Georgia
2017-09-01,2017,Sep,63.9,61.0,5126751.0,4892228.0,234523.0,4.6,Georgia
2017-10-01,2017,Oct,63.9,61.0,5126320.0,4894923.0,231397.0,4.5,Georgia
2017-11-01,2017,Nov,63.8,60.9,5124282.0,4895940.0,228342.0,4.5,Georgia
2017-12-01,2017,Dec,63.7,60.9,5121949.0,4896980.0,224969.0,4.4,Georgia
2018-01-01,2018,Jan,63.6,60.9,5121349.0,4899971.0,221378.0,4.3,Georgia
2018-02-01,2018,Feb,63.6,60.9,5124091.0,4906243.0,217848.0,4.3,Georgia
2018-03-01,2018,Mar,63.6,60.9,5129015.0,4914677.0,214338.0,4.2,Georgia
2018-04-01,2018,Apr,63.6,61.0,5132228.0,4921697.0,210531.0,4.1,Georgia
2018-05-01,2018,May,63.5,60.9,5131100.0,4924450.0,206650.0,4.0,Georgia
2018-06-01,2018,Jun,63.4,60.8,5126075.0,4923125.0,202950.0,4.0,Georgia
2018-07-01,2018,Jul,63.2,60.7,5118911.0,4919133.0,199778.0,3.9,Georgia
2018-08-01,2018,Aug,63.0,60.6,5112740.0,4914711.0,198029.0,3.9,Georgia
2018-09-01,2018,Sep,62.9,60.5,5109468.0,4911509.0,197959.0,3.9,Georgia
2018-10-01,2018,Oct,62.9,60.4,5109644.0,4910664.0,198980.0,3.9,Georgia
2018-11-01,2018,Nov,62.8,60.4,5112673.0,4912622.0,200051.0,3.9,Georgia
2018-12-01,2018,Dec,62.8,60.4,5117418.0,4917216.0,200202.0,3.9,Georgia
2019-01-01,2019,Jan,62.8,60.4,5122344.0,4923526.0,198818.0,3.9,Georgia
2019-02-01,2019,Feb,62.8,60.4,5126316.0,4930723.0,195593.0,3.8,Georgia
2019-03-01,2019,Mar,62.8,60.4,5129922.0,4938312.0,191610.0,3.7,Georgia
2019-04-01,2019,Apr,62.8,60.5,5134802.0,4946782.0,188020.0,3.7,Georgia
2019-05-01,2019,May,62.8,60.5,5141381.0,4955880.0,185501.0,3.6,Georgia
2019-06-01,2019,Jun,62.8,60.6,5148892.0,4964778.0,184114.0,3.6,Georgia
2019-07-01,2019,Jul,62.8,60.6,5156172.0,4972757.0,183415.0,3.6,Georgia
2019-08-01,2019,Aug,62.8,60.6,5162527.0,4980050.0,182477.0,3.5,Georgia
2019-09-01,2019,Sep,62.8,60.6,5169114.0,4988580.0,180534.0,3.5,Georgia
2019-10-01,2019,Oct,62.9,60.7,5176649.0,4997914.0,178735.0,3.5,Georgia
2019-11-01,2019,Nov,62.9,60.7,5184299.0,5006029.0,178270.0,3.4,Georgia
2019-12-01,2019,Dec,62.9,60.7,5189527.0,5009729.0,179798.0,3.5,Georgia
2020-01-01,2020,Jan,62.8,60.6,5190765.0,5007778.0,182987.0,3.5,Georgia
2020-02-01,2020,Feb,62.8,60.5,5188322.0,5000996.0,187326.0,3.6,Georgia
2020-03-01,2020,Mar,62.7,60.4,5184807.0,4993425.0,191382.0,3.7,Georgia
2020-04-01,2020,Apr,59.6,52.3,4939222.0,4333375.0,605847.0,12.3,Georgia
2020-05-01,2020,May,60.9,55.0,5043057.0,4558551.0,484506.0,9.6,Georgia
2020-06-01,2020,Jun,60.1,55.1,4984267.0,4567805.0,416462.0,8.4,Georgia
2020-07-01,2020,Jul,59.9,55.3,4973135.0,4590121.0,383014.0,7.7,Georgia
2020-08-01,2020,Aug,59.6,55.5,4947237.0,4607015.0,340222.0,6.9,Georgia
2020-09-01,2020,Sep,59.4,55.6,4941413.0,4624515.0,316898.0,6.4,Georgia
2020-10-01,2020,Oct,62.3,58.8,5187767.0,4897372.0,290395.0,5.6,Georgia
2020-11-01,2020,Nov,62.2,58.9,5179170.0,4904628.0,274542.0,5.3,Georgia
2020-12-01,2020,Dec,62.1,58.9,5174962.0,4911188.0,263774.0,5.1,Georgia
2021-01-01,2021,Jan,62.0,59.0,5168344.0,4919056.0,249288.0,4.8,Georgia
2021-02-01,2021,Feb,61.9,59.0,5167381.0,4929263.0,238118.0,4.6,Georgia
2021-03-01,2021,Mar,61.9,59.2,5171797.0,4942530.0,229267.0,4.4,Georgia
2021-04-01,2021,Apr,61.9,59.3,5176910.0,4955553.0,221357.0,4.3,Georgia
2021-05-01,2021,May,61.9,59.4,5181417.0,4967508.0,213909.0,4.1,Georgia
2021-06-01,2021,Jun,61.9,59.4,5184824.0,4976603.0,208221.0,4.0,Georgia
2021-07-01,2021,Jul,61.8,59.5,5186449.0,4986370.0,200079.0,3.9,Georgia
2021-08-01,2021,Aug,61.8,59.5,5190033.0,4998443.0,191590.0,3.7,Georgia
2021-09-01,2021,Sep,61.8,59.6,5194094.0,5011335.0,182759.0,3.5,Georgia
2021-10-01,2021,Oct,61.8,59.7,5200059.0,5023623.0,176436.0,3.4,Georgia
2021-11-01,2021,Nov,61.7,59.7,5200289.0,5026198.0,174091.0,3.3,Georgia
2021-12-01,2021,Dec,61.6,59.6,5198796.0,5025224.0,173572.0,3.3,Georgia
2022-01-01,2022,Jan,61.8,59.8,5215701.0,5047364.0,168337.0,3.2,Georgia
2012-01-01,2012,Jan,66.0,59.9,6580816.0,5972028.0,608788.0,9.3,Illinois
2012-02-01,2012,Feb,65.9,59.9,6576290.0,5978214.0,598076.0,9.1,Illinois
2012-03-01,2012,Mar,65.9,59.9,6574536.0,5981261.0,593275.0,9.0,Illinois
2012-04-01,2012,Apr,65.8,59.9,6574291.0,5981264.0,593027.0,9.0,Illinois
2012-05-01,2012,May,65.8,59.9,6576078.0,5981247.0,594831.0,9.0,Illinois
2012-06-01,2012,Jun,65.9,59.9,6579685.0,5983696.0,595989.0,9.1,Illinois
2012-07-01,2012,Jul,65.9,59.9,6583994.0,5989315.0,594679.0,9.0,Illinois
2012-08-01,2012,Aug,65.9,60.0,6588983.0,5997041.0,591942.0,9.0,Illinois
2012-09-01,2012,Sep,65.9,60.0,6594683.0,6003932.0,590751.0,9.0,Illinois
2012-10-01,2012,Oct,65.9,60.0,6598498.0,6006076.0,592422.0,9.0,Illinois
2012-11-01,2012,Nov,65.9,60.0,6598094.0,6001684.0,596410.0,9.0,Illinois
2012-12-01,2012,Dec,65.8,59.8,6592899.0,5991770.0,601129.0,9.1,Illinois
2013-01-01,2013,Jan,65.7,59.7,6584280.0,5978819.0,605461.0,9.2,Illinois
2013-02-01,2013,Feb,65.6,59.6,6574749.0,5966349.0,608400.0,9.3,Illinois
2013-03-01,2013,Mar,65.6,59.5,6567333.0,5958222.0,609111.0,9.3,Illinois
2013-04-01,2013,Apr,65.5,59.4,6564365.0,5956555.0,607810.0,9.3,Illinois
2013-05-01,2013,May,65.5,59.4,6564150.0,5958543.0,605607.0,9.2,Illinois
2013-06-01,2013,Jun,65.5,59.5,6564252.0,5960949.0,603303.0,9.2,Illinois
2013-07-01,2013,Jul,65.4,59.4,6562584.0,5961642.0,600942.0,9.2,Illinois
2013-08-01,2013,Aug,65.4,59.4,6556695.0,5960397.0,596298.0,9.1,Illinois
2013-09-01,2013,Sep,65.2,59.4,6547345.0,5959101.0,588244.0,9.0,Illinois
2013-10-01,2013,Oct,65.2,59.4,6539322.0,5960606.0,578716.0,8.8,Illinois
2013-11-01,2013,Nov,65.1,59.4,6536335.0,5967239.0,569096.0,8.7,Illinois
2013-12-01,2013,Dec,65.1,59.5,6537549.0,5978331.0,559218.0,8.6,Illinois
2014-01-01,2014,Jan,65.1,59.7,6539433.0,5991934.0,547499.0,8.4,Illinois
2014-02-01,2014,Feb,65.1,59.8,6539294.0,6006418.0,532876.0,8.1,Illinois
2014-03-01,2014,Mar,65.1,59.9,6535796.0,6019511.0,516285.0,7.9,Illinois
2014-04-01,2014,Apr,65.0,60.0,6528094.0,6029065.0,499029.0,7.6,Illinois
2014-05-01,2014,May,64.9,60.1,6518261.0,6036226.0,482035.0,7.4,Illinois
2014-06-01,2014,Jun,64.8,60.1,6510457.0,6043882.0,466575.0,7.2,Illinois
2014-07-01,2014,Jul,64.7,60.2,6506321.0,6053007.0,453314.0,7.0,Illinois
2014-08-01,2014,Aug,64.7,60.3,6505638.0,6063338.0,442300.0,6.8,Illinois
2014-09-01,2014,Sep,64.7,60.4,6506203.0,6073599.0,432604.0,6.6,Illinois
2014-10-01,2014,Oct,64.7,60.5,6504445.0,6081936.0,422509.0,6.5,Illinois
2014-11-01,2014,Nov,64.6,60.5,6498807.0,6086861.0,411946.0,6.3,Illinois
2014-12-01,2014,Dec,64.6,60.6,6492057.0,6089359.0,402698.0,6.2,Illinois
2015-01-01,2015,Jan,64.5,60.6,6487628.0,6091476.0,396152.0,6.1,Illinois
2015-02-01,2015,Feb,64.5,60.6,6487282.0,6094125.0,393157.0,6.1,Illinois
2015-03-01,2015,Mar,64.6,60.7,6491517.0,6098798.0,392719.0,6.0,Illinois
2015-04-01,2015,Apr,64.7,60.7,6499013.0,6106082.0,392931.0,6.0,Illinois
2015-05-01,2015,May,64.7,60.8,6506301.0,6114433.0,391868.0,6.0,Illinois
2015-06-01,2015,Jun,64.8,60.9,6510435.0,6121275.0,389160.0,6.0,Illinois
2015-07-01,2015,Jul,64.8,60.9,6511967.0,6125787.0,386180.0,5.9,Illinois
2015-08-01,2015,Aug,64.8,61.0,6513391.0,6128765.0,384626.0,5.9,Illinois
2015-09-01,2015,Sep,64.8,61.0,6517227.0,6132095.0,385132.0,5.9,Illinois
2015-10-01,2015,Oct,64.9,61.1,6526537.0,6138315.0,388222.0,5.9,Illinois
2015-11-01,2015,Nov,65.1,61.2,6542574.0,6148366.0,394208.0,6.0,Illinois
2015-12-01,2015,Dec,65.3,61.3,6561973.0,6160489.0,401484.0,6.1,Illinois
2016-01-01,2016,Jan,65.5,61.4,6579309.0,6171894.0,407415.0,6.2,Illinois
2016-02-01,2016,Feb,65.6,61.5,6590470.0,6180514.0,409956.0,6.2,Illinois
2016-03-01,2016,Mar,65.6,61.6,6593404.0,6185600.0,407804.0,6.2,Illinois
2016-04-01,2016,Apr,65.6,61.6,6589117.0,6186891.0,402226.0,6.1,Illinois
2016-05-01,2016,May,65.5,61.6,6580544.0,6184932.0,395612.0,6.0,Illinois
2016-06-01,2016,Jun,65.4,61.5,6569841.0,6180798.0,389043.0,5.9,Illinois
2016-07-01,2016,Jul,65.3,61.5,6558534.0,6175653.0,382881.0,5.8,Illinois
2016-08-01,2016,Aug,65.2,61.4,6548208.0,6170083.0,378125.0,5.8,Illinois
2016-09-01,2016,Sep,65.1,61.3,6539107.0,6164292.0,374815.0,5.7,Illinois
2016-10-01,2016,Oct,65.0,61.3,6529612.0,6158816.0,370796.0,5.7,Illinois
2016-11-01,2016,Nov,64.9,61.3,6518407.0,6154569.0,363838.0,5.6,Illinois
2016-12-01,2016,Dec,64.8,61.2,6506520.0,6152559.0,353961.0,5.4,Illinois
2017-01-01,2017,Jan,64.7,61.3,6565989.0,6219411.0,346578.0,5.3,Illinois
2017-02-01,2017,Feb,64.7,61.4,6559916.0,6223864.0,336052.0,5.1,Illinois
2017-03-01,2017,Mar,64.7,61.4,6556181.0,6227973.0,328208.0,5.0,Illinois
2017-04-01,2017,Apr,64.6,61.4,6555108.0,6231214.0,323894.0,4.9,Illinois
2017-05-01,2017,May,64.7,61.5,6556293.0,6233870.0,322423.0,4.9,Illinois
2017-06-01,2017,Jun,64.7,61.5,6558948.0,6235783.0,323165.0,4.9,Illinois
2017-07-01,2017,Jul,64.7,61.5,6562474.0,6237591.0,324883.0,5.0,Illinois
2017-08-01,2017,Aug,64.7,61.5,6564703.0,6239573.0,325130.0,5.0,Illinois
2017-09-01,2017,Sep,64.7,61.5,6564712.0,6241648.0,323064.0,4.9,Illinois
2017-10-01,2017,Oct,64.7,61.6,6563820.0,6244566.0,319254.0,4.9,Illinois
2017-11-01,2017,Nov,64.7,61.6,6562511.0,6248693.0,313818.0,4.8,Illinois
2017-12-01,2017,Dec,64.7,61.7,6561498.0,6255004.0,306494.0,4.7,Illinois
2018-01-01,2018,Jan,64.7,61.8,6561374.0,6262881.0,298493.0,4.5,Illinois
2018-02-01,2018,Feb,64.7,61.9,6563449.0,6272116.0,291333.0,4.4,Illinois
2018-03-01,2018,Mar,64.8,62.0,6566992.0,6281251.0,285741.0,4.4,Illinois
2018-04-01,2018,Apr,64.8,62.0,6569254.0,6287695.0,281559.0,4.3,Illinois
2018-05-01,2018,May,64.8,62.1,6569189.0,6289884.0,279305.0,4.3,Illinois
2018-06-01,2018,Jun,64.8,62.1,6567583.0,6288689.0,278894.0,4.2,Illinois
2018-07-01,2018,Jul,64.8,62.0,6564878.0,6285128.0,279750.0,4.3,Illinois
2018-08-01,2018,Aug,64.8,62.0,6563463.0,6281315.0,282148.0,4.3,Illinois
2018-09-01,2018,Sep,64.8,62.0,6565242.0,6279194.0,286048.0,4.4,Illinois
2018-10-01,2018,Oct,64.8,62.0,6569928.0,6279203.0,290725.0,4.4,Illinois
2018-11-01,2018,Nov,64.9,62.0,6577331.0,6281626.0,295705.0,4.5,Illinois
2018-12-01,2018,Dec,65.0,62.0,6586203.0,6286600.0,299603.0,4.5,Illinois
2019-01-01,2019,Jan,65.1,62.1,6593252.0,6293474.0,299778.0,4.5,Illinois
2019-02-01,2019,Feb,65.1,62.2,6595848.0,6301234.0,294614.0,4.5,Illinois
2019-03-01,2019,Mar,65.1,62.3,6593937.0,6308977.0,284960.0,4.3,Illinois
2019-04-01,2019,Apr,65.1,62.4,6589245.0,6316328.0,272917.0,4.1,Illinois
2019-05-01,2019,May,65.0,62.4,6582561.0,6321220.0,261341.0,4.0,Illinois
2019-06-01,2019,Jun,64.9,62.4,6574663.0,6321983.0,252680.0,3.8,Illinois
2019-07-01,2019,Jul,64.9,62.4,6566348.0,6318411.0,247937.0,3.8,Illinois
2019-08-01,2019,Aug,64.8,62.3,6557785.0,6312165.0,245620.0,3.7,Illinois
2019-09-01,2019,Sep,64.7,62.3,6549457.0,6306669.0,242788.0,3.7,Illinois
2019-10-01,2019,Oct,64.6,62.3,6542614.0,6303262.0,239352.0,3.7,Illinois
2019-11-01,2019,Nov,64.6,62.2,6537086.0,6300771.0,236315.0,3.6,Illinois
2019-12-01,2019,Dec,64.5,62.2,6530652.0,6294968.0,235684.0,3.6,Illinois
2020-01-01,2020,Jan,64.5,62.1,6524806.0,6285392.0,239414.0,3.7,Illinois
2020-02-01,2020,Feb,64.5,62.0,6521872.0,6273767.0,248105.0,3.8,Illinois
2020-03-01,2020,Mar,64.0,60.8,6473214.0,6153567.0,319647.0,4.9,Illinois
2020-04-01,2020,Apr,63.0,52.0,6366967.0,5258756.0,1108211.0,17.4,Illinois
2020-05-01,2020,May,63.1,53.9,6376437.0,5450216.0,926221.0,14.5,Illinois
2020-06-01,2020,Jun,62.7,54.7,6329994.0,5528036.0,801958.0,12.7,Illinois
2020-07-01,2020,Jul,62.8,55.6,6342576.0,5613618.0,728958.0,11.5,Illinois
2020-08-01,2020,Aug,62.4,56.2,6296387.0,5677310.0,619077.0,9.8,Illinois
2020-09-01,2020,Sep,62.5,56.8,6304803.0,5734503.0,570300.0,9.0,Illinois
2020-10-01,2020,Oct,62.3,57.2,6278117.0,5767334.0,510783.0,8.1,Illinois
2020-11-01,2020,Nov,62.3,57.5,6277488.0,5792044.0,485444.0,7.7,Illinois
2020-12-01,2020,Dec,62.4,57.7,6282992.0,5812387.0,470605.0,7.5,Illinois
2021-01-01,2021,Jan,62.3,57.9,6274598.0,5830102.0,444496.0,7.1,Illinois
2021-02-01,2021,Feb,62.4,58.1,6280559.0,5847051.0,433508.0,6.9,Illinois
2021-03-01,2021,Mar,62.6,58.3,6289392.0,5865671.0,423721.0,6.7,Illinois
2021-04-01,2021,Apr,62.7,58.6,6302026.0,5883090.0,418936.0,6.6,Illinois
2021-05-01,2021,May,62.8,58.7,6307602.0,5899080.0,408522.0,6.5,Illinois
2021-06-01,2021,Jun,63.0,58.9,6321192.0,5913068.0,408124.0,6.5,Illinois
2021-07-01,2021,Jul,63.0,59.1,6323582.0,5929507.0,394075.0,6.2,Illinois
2021-08-01,2021,Aug,63.1,59.3,6330348.0,5953583.0,376765.0,6.0,Illinois
2021-09-01,2021,Sep,63.1,59.6,6332171.0,5980989.0,351182.0,5.5,Illinois
2021-10-01,2021,Oct,63.3,59.9,6343551.0,6009011.0,334540.0,5.3,Illinois
2021-11-01,2021,Nov,63.2,60.0,6341105.0,6015878.0,325227.0,5.1,Illinois
2021-12-01,2021,Dec,63.3,60.0,6339764.0,6015254.0,324510.0,5.1,Illinois
2022-01-01,2022,Jan,63.7,60.5,6378180.0,6060600.0,317580.0,5.0,Illinois
2012-01-01,2012,Jan,60.2,54.7,4681300.0,4250546.0,430754.0,9.2,Michigan
2012-02-01,2012,Feb,60.1,54.7,4677505.0,4251976.0,425529.0,9.1,Michigan
2012-03-01,2012,Mar,60.1,54.6,4674978.0,4251685.0,423293.0,9.1,Michigan
2012-04-01,2012,Apr,60.0,54.6,4673683.0,4250642.0,423041.0,9.1,Michigan
2012-05-01,2012,May,60.0,54.6,4674360.0,4250834.0,423526.0,9.1,Michigan
2012-06-01,2012,Jun,60.0,54.6,4676951.0,4253239.0,423712.0,9.1,Michigan
2012-07-01,2012,Jul,60.1,54.6,4680759.0,4257873.0,422886.0,9.0,Michigan
2012-08-01,2012,Aug,60.1,54.7,4685915.0,4264274.0,421641.0,9.0,Michigan
2012-09-01,2012,Sep,60.2,54.8,4692724.0,4271479.0,421245.0,9.0,Michigan
2012-10-01,2012,Oct,60.2,54.8,4699999.0,4278209.0,421790.0,9.0,Michigan
2012-11-01,2012,Nov,60.3,54.9,4706523.0,4283628.0,422895.0,9.0,Michigan
2012-12-01,2012,Dec,60.3,54.9,4711644.0,4287975.0,423669.0,9.0,Michigan
2013-01-01,2013,Jan,60.4,54.9,4715747.0,4292124.0,423623.0,9.0,Michigan
2013-02-01,2013,Feb,60.4,55.0,4719805.0,4297093.0,422712.0,9.0,Michigan
2013-03-01,2013,Mar,60.4,55.1,4724478.0,4303586.0,420892.0,8.9,Michigan
2013-04-01,2013,Apr,60.5,55.2,4730864.0,4311970.0,418894.0,8.9,Michigan
2013-05-01,2013,May,60.6,55.2,4738195.0,4320494.0,417701.0,8.8,Michigan
2013-06-01,2013,Jun,60.6,55.3,4745039.0,4327389.0,417650.0,8.8,Michigan
2013-07-01,2013,Jul,60.7,55.3,4749853.0,4332010.0,417843.0,8.8,Michigan
2013-08-01,2013,Aug,60.7,55.4,4750495.0,4334709.0,415786.0,8.8,Michigan
2013-09-01,2013,Sep,60.6,55.4,4747499.0,4336984.0,410515.0,8.6,Michigan
2013-10-01,2013,Oct,60.5,55.4,4744156.0,4340565.0,403591.0,8.5,Michigan
2013-11-01,2013,Nov,60.5,55.4,4743413.0,4346689.0,396724.0,8.4,Michigan
2013-12-01,2013,Dec,60.5,55.5,4745607.0,4354920.0,390687.0,8.2,Michigan
2014-01-01,2014,Jan,60.5,55.6,4749538.0,4364414.0,385124.0,8.1,Michigan
2014-02-01,2014,Feb,60.6,55.7,4754121.0,4374624.0,379497.0,8.0,Michigan
2014-03-01,2014,Mar,60.6,55.9,4758378.0,4384836.0,373542.0,7.9,Michigan
2014-04-01,2014,Apr,60.6,56.0,4760730.0,4393862.0,366868.0,7.7,Michigan
2014-05-01,2014,May,60.6,56.0,4760984.0,4402006.0,358978.0,7.5,Michigan
2014-06-01,2014,Jun,60.6,56.1,4760581.0,4410586.0,349995.0,7.4,Michigan
2014-07-01,2014,Jul,60.6,56.2,4760410.0,4419845.0,340565.0,7.2,Michigan
2014-08-01,2014,Aug,60.5,56.3,4761597.0,4429841.0,331756.0,7.0,Michigan
2014-09-01,2014,Sep,60.5,56.4,4763243.0,4439814.0,323429.0,6.8,Michigan
2014-10-01,2014,Oct,60.5,56.5,4763011.0,4448646.0,314365.0,6.6,Michigan
2014-11-01,2014,Nov,60.5,56.6,4759649.0,4455559.0,304090.0,6.4,Michigan
2014-12-01,2014,Dec,60.4,56.7,4754985.0,4461008.0,293977.0,6.2,Michigan
2015-01-01,2015,Jan,60.3,56.7,4751121.0,4465483.0,285638.0,6.0,Michigan
2015-02-01,2015,Feb,60.3,56.8,4748842.0,4469325.0,279517.0,5.9,Michigan
2015-03-01,2015,Mar,60.3,56.8,4748857.0,4473859.0,274998.0,5.8,Michigan
2015-04-01,2015,Apr,60.3,56.9,4750757.0,4479763.0,270994.0,5.7,Michigan
2015-05-01,2015,May,60.3,56.9,4753081.0,4486713.0,266368.0,5.6,Michigan
2015-06-01,2015,Jun,60.3,57.0,4754815.0,4494018.0,260797.0,5.5,Michigan
2015-07-01,2015,Jul,60.3,57.1,4756256.0,4501568.0,254688.0,5.4,Michigan
2015-08-01,2015,Aug,60.3,57.2,4758144.0,4509543.0,248601.0,5.2,Michigan
2015-09-01,2015,Sep,60.4,57.3,4761803.0,4518849.0,242954.0,5.1,Michigan
2015-10-01,2015,Oct,60.4,57.4,4769314.0,4530470.0,238844.0,5.0,Michigan
2015-11-01,2015,Nov,60.5,57.5,4781113.0,4544206.0,236907.0,5.0,Michigan
2015-12-01,2015,Dec,60.7,57.7,4795181.0,4558668.0,236513.0,4.9,Michigan
2016-01-01,2016,Jan,60.9,57.9,4808822.0,4571961.0,236861.0,4.9,Michigan
2016-02-01,2016,Feb,61.0,58.0,4820513.0,4582714.0,237799.0,4.9,Michigan
2016-03-01,2016,Mar,61.1,58.1,4829629.0,4590535.0,239094.0,5.0,Michigan
2016-04-01,2016,Apr,61.2,58.1,4836910.0,4596471.0,240439.0,5.0,Michigan
2016-05-01,2016,May,61.2,58.2,4843434.0,4601766.0,241668.0,5.0,Michigan
2016-06-01,2016,Jun,61.3,58.2,4849566.0,4606797.0,242769.0,5.0,Michigan
2016-07-01,2016,Jul,61.3,58.2,4855399.0,4611733.0,243666.0,5.0,Michigan
2016-08-01,2016,Aug,61.4,58.3,4860940.0,4616444.0,244496.0,5.0,Michigan
2016-09-01,2016,Sep,61.4,58.3,4866256.0,4620323.0,245933.0,5.1,Michigan
2016-10-01,2016,Oct,61.4,58.3,4870453.0,4623219.0,247234.0,5.1,Michigan
2016-11-01,2016,Nov,61.4,58.3,4873086.0,4626288.0,246798.0,5.1,Michigan
2016-12-01,2016,Dec,61.4,58.3,4874253.0,4630737.0,243516.0,5.0,Michigan
2017-01-01,2017,Jan,61.3,58.4,4896758.0,4659428.0,237330.0,4.8,Michigan
2017-02-01,2017,Feb,61.3,58.5,4896252.0,4668276.0,227976.0,4.7,Michigan
2017-03-01,2017,Mar,61.3,58.6,4895969.0,4677098.0,218871.0,4.5,Michigan
2017-04-01,2017,Apr,61.3,58.6,4897585.0,4684609.0,212976.0,4.3,Michigan
2017-05-01,2017,May,61.3,58.7,4902149.0,4690213.0,211936.0,4.3,Michigan
2017-06-01,2017,Jun,61.4,58.7,4908978.0,4693648.0,215330.0,4.4,Michigan
2017-07-01,2017,Jul,61.4,58.7,4916658.0,4694847.0,221811.0,4.5,Michigan
2017-08-01,2017,Aug,61.5,58.6,4922722.0,4693937.0,228785.0,4.6,Michigan
2017-09-01,2017,Sep,61.5,58.6,4925268.0,4691656.0,233612.0,4.7,Michigan
2017-10-01,2017,Oct,61.5,58.5,4924445.0,4689603.0,234842.0,4.8,Michigan
2017-11-01,2017,Nov,61.4,58.5,4921884.0,4689031.0,232853.0,4.7,Michigan
2017-12-01,2017,Dec,61.4,58.5,4920031.0,4691756.0,228275.0,4.6,Michigan
2018-01-01,2018,Jan,61.4,58.6,4921307.0,4699003.0,222304.0,4.5,Michigan
2018-02-01,2018,Feb,61.4,58.7,4926798.0,4710607.0,216191.0,4.4,Michigan
2018-03-01,2018,Mar,61.5,58.9,4934424.0,4724083.0,210341.0,4.3,Michigan
2018-04-01,2018,Apr,61.6,59.0,4940110.0,4735329.0,204781.0,4.1,Michigan
2018-05-01,2018,May,61.6,59.1,4942048.0,4741589.0,200459.0,4.1,Michigan
2018-06-01,2018,Jun,61.6,59.1,4941326.0,4742855.0,198471.0,4.0,Michigan
2018-07-01,2018,Jul,61.5,59.0,4939428.0,4740742.0,198686.0,4.0,Michigan
2018-08-01,2018,Aug,61.5,59.0,4938929.0,4738274.0,200655.0,4.1,Michigan
2018-09-01,2018,Sep,61.5,59.0,4941061.0,4737567.0,203494.0,4.1,Michigan
2018-10-01,2018,Oct,61.5,59.0,4945622.0,4739280.0,206342.0,4.2,Michigan
2018-11-01,2018,Nov,61.6,59.0,4951727.0,4743011.0,208716.0,4.2,Michigan
2018-12-01,2018,Dec,61.7,59.0,4957789.0,4747929.0,209860.0,4.2,Michigan
2019-01-01,2019,Jan,61.7,59.1,4962244.0,4752990.0,209254.0,4.2,Michigan
2019-02-01,2019,Feb,61.7,59.2,4964805.0,4757683.0,207122.0,4.2,Michigan
2019-03-01,2019,Mar,61.8,59.2,4966873.0,4761695.0,205178.0,4.1,Michigan
2019-04-01,2019,Apr,61.8,59.2,4969895.0,4765306.0,204589.0,4.1,Michigan
2019-05-01,2019,May,61.8,59.3,4973009.0,4767742.0,205267.0,4.1,Michigan
2019-06-01,2019,Jun,61.8,59.3,4975206.0,4768486.0,206720.0,4.2,Michigan
2019-07-01,2019,Jul,61.8,59.2,4975972.0,4767901.0,208071.0,4.2,Michigan
2019-08-01,2019,Aug,61.8,59.2,4975210.0,4767057.0,208153.0,4.2,Michigan
2019-09-01,2019,Sep,61.7,59.2,4973743.0,4768528.0,205215.0,4.1,Michigan
2019-10-01,2019,Oct,61.7,59.2,4971894.0,4772044.0,199850.0,4.0,Michigan
2019-11-01,2019,Nov,61.7,59.2,4968361.0,4774614.0,193747.0,3.9,Michigan
2019-12-01,2019,Dec,61.5,59.2,4960659.0,4771296.0,189363.0,3.8,Michigan
2020-01-01,2020,Jan,61.4,59.0,4947228.0,4759231.0,187997.0,3.8,Michigan
2020-02-01,2020,Feb,61.1,58.8,4926425.0,4738902.0,187523.0,3.8,Michigan
2020-03-01,2020,Mar,60.8,58.5,4899311.0,4715188.0,184123.0,3.8,Michigan
2020-04-01,2020,Apr,56.6,43.7,4560551.0,3524836.0,1035715.0,22.7,Michigan
2020-05-01,2020,May,60.5,48.9,4873862.0,3937789.0,936073.0,19.2,Michigan
2020-06-01,2020,Jun,62.0,52.9,4992980.0,4266100.0,726880.0,14.6,Michigan
2020-07-01,2020,Jul,61.3,53.6,4934852.0,4315434.0,619418.0,12.6,Michigan
2020-08-01,2020,Aug,60.3,54.3,4861442.0,4377730.0,483712.0,9.9,Michigan
2020-09-01,2020,Sep,60.1,54.9,4844405.0,4421486.0,422919.0,8.7,Michigan
2020-10-01,2020,Oct,59.6,55.1,4802783.0,4441635.0,361148.0,7.5,Michigan
2020-11-01,2020,Nov,59.4,55.2,4786854.0,4448752.0,338102.0,7.1,Michigan
2020-12-01,2020,Dec,58.3,54.2,4695972.0,4369522.0,326450.0,7.0,Michigan
2021-01-01,2021,Jan,59.0,55.2,4755919.0,4449362.0,306557.0,6.4,Michigan
2021-02-01,2021,Feb,59.0,55.2,4751610.0,4451853.0,299757.0,6.3,Michigan
2021-03-01,2021,Mar,59.0,55.3,4753677.0,4457749.0,295928.0,6.2,Michigan
2021-04-01,2021,Apr,59.1,55.4,4762840.0,4465367.0,297473.0,6.2,Michigan
2021-05-01,2021,May,59.2,55.5,4771544.0,4473656.0,297888.0,6.2,Michigan
2021-06-01,2021,Jun,59.4,55.6,4784578.0,4481616.0,302962.0,6.3,Michigan
2021-07-01,2021,Jul,59.4,55.7,4791068.0,4492147.0,298921.0,6.2,Michigan
2021-08-01,2021,Aug,59.4,55.9,4793832.0,4505360.0,288472.0,6.0,Michigan
2021-09-01,2021,Sep,59.4,56.0,4792660.0,4521171.0,271489.0,5.7,Michigan
2021-10-01,2021,Oct,59.4,56.2,4791888.0,4535422.0,256466.0,5.4,Michigan
2021-11-01,2021,Nov,59.3,56.2,4789198.0,4541141.0,248057.0,5.2,Michigan
2021-12-01,2021,Dec,59.3,56.3,4788181.0,4542717.0,245464.0,5.1,Michigan
2022-01-01,2022,Jan,59.4,56.5,4795240.0,4561615.0,233625.0,4.9,Michigan
2012-01-01,2012,Jan,65.9,59.8,4573226.0,4149396.0,423830.0,9.3,New Jersey
2012-02-01,2012,Feb,65.9,59.8,4572104.0,4146808.0,425296.0,9.3,New Jersey
2012-03-01,2012,Mar,65.9,59.7,4572304.0,4143868.0,428436.0,9.4,New Jersey
2012-04-01,2012,Apr,65.9,59.7,4572964.0,4140731.0,432233.0,9.5,New Jersey
2012-05-01,2012,May,65.9,59.6,4574098.0,4138729.0,435369.0,9.5,New Jersey
2012-06-01,2012,Jun,65.9,59.6,4575467.0,4138908.0,436559.0,9.5,New Jersey
2012-07-01,2012,Jul,65.9,59.6,4576629.0,4141405.0,435224.0,9.5,New Jersey
2012-08-01,2012,Aug,65.9,59.6,4578329.0,4145792.0,432537.0,9.4,New Jersey
2012-09-01,2012,Sep,65.9,59.7,4581093.0,4151159.0,429934.0,9.4,New Jersey
2012-10-01,2012,Oct,65.9,59.7,4583579.0,4156020.0,427559.0,9.3,New Jersey
2012-11-01,2012,Nov,65.9,59.8,4584357.0,4159323.0,425034.0,9.3,New Jersey
2012-12-01,2012,Dec,65.8,59.8,4582248.0,4160353.0,421895.0,9.2,New Jersey
2013-01-01,2013,Jan,65.7,59.7,4576918.0,4158784.0,418134.0,9.1,New Jersey
2013-02-01,2013,Feb,65.6,59.7,4569169.0,4155701.0,413468.0,9.0,New Jersey
2013-03-01,2013,Mar,65.5,59.6,4560491.0,4152943.0,407548.0,8.9,New Jersey
2013-04-01,2013,Apr,65.3,59.6,4552734.0,4152015.0,400719.0,8.8,New Jersey
2013-05-01,2013,May,65.2,59.6,4545446.0,4151597.0,393849.0,8.7,New Jersey
2013-06-01,2013,Jun,65.1,59.5,4537662.0,4150253.0,387409.0,8.5,New Jersey
2013-07-01,2013,Jul,64.9,59.5,4528808.0,4147947.0,380861.0,8.4,New Jersey
2013-08-01,2013,Aug,64.7,59.4,4517350.0,4144838.0,372512.0,8.2,New Jersey
2013-09-01,2013,Sep,64.5,59.3,4503664.0,4141572.0,362092.0,8.0,New Jersey
2013-10-01,2013,Oct,64.3,59.3,4490616.0,4139153.0,351463.0,7.8,New Jersey
2013-11-01,2013,Nov,64.2,59.3,4480939.0,4139036.0,341903.0,7.6,New Jersey
2013-12-01,2013,Dec,64.1,59.3,4475815.0,4142292.0,333523.0,7.5,New Jersey
2014-01-01,2014,Jan,64.0,59.4,4474601.0,4148926.0,325675.0,7.3,New Jersey
2014-02-01,2014,Feb,64.1,59.5,4475891.0,4157794.0,318097.0,7.1,New Jersey
2014-03-01,2014,Mar,64.1,59.6,4478887.0,4167358.0,311529.0,7.0,New Jersey
2014-04-01,2014,Apr,64.1,59.7,4482331.0,4175971.0,306360.0,6.8,New Jersey
2014-05-01,2014,May,64.2,59.8,4486012.0,4183785.0,302227.0,6.7,New Jersey
2014-06-01,2014,Jun,64.2,59.9,4490716.0,4191512.0,299204.0,6.7,New Jersey
2014-07-01,2014,Jul,64.3,60.0,4496114.0,4198635.0,297479.0,6.6,New Jersey
2014-08-01,2014,Aug,64.3,60.1,4502037.0,4205182.0,296855.0,6.6,New Jersey
2014-09-01,2014,Sep,64.4,60.2,4507583.0,4211077.0,296506.0,6.6,New Jersey
2014-10-01,2014,Oct,64.4,60.2,4510847.0,4215767.0,295080.0,6.5,New Jersey
2014-11-01,2014,Nov,64.4,60.2,4510783.0,4218647.0,292136.0,6.5,New Jersey
2014-12-01,2014,Dec,64.4,60.2,4508668.0,4220057.0,288611.0,6.4,New Jersey
2015-01-01,2015,Jan,64.3,60.2,4506245.0,4221064.0,285181.0,6.3,New Jersey
2015-02-01,2015,Feb,64.3,60.3,4504414.0,4222229.0,282185.0,6.3,New Jersey
2015-03-01,2015,Mar,64.3,60.3,4503300.0,4224426.0,278874.0,6.2,New Jersey
2015-04-01,2015,Apr,64.2,60.3,4502099.0,4227666.0,274433.0,6.1,New Jersey
2015-05-01,2015,May,64.2,60.4,4499740.0,4231181.0,268559.0,6.0,New Jersey
2015-06-01,2015,Jun,64.1,60.4,4495690.0,4234299.0,261391.0,5.8,New Jersey
2015-07-01,2015,Jul,64.0,60.4,4490941.0,4237324.0,253617.0,5.6,New Jersey
2015-08-01,2015,Aug,64.0,60.5,4486690.0,4240738.0,245952.0,5.5,New Jersey
2015-09-01,2015,Sep,63.9,60.5,4483815.0,4245263.0,238552.0,5.3,New Jersey
2015-10-01,2015,Oct,63.9,60.6,4484030.0,4251866.0,232164.0,5.2,New Jersey
2015-11-01,2015,Nov,63.9,60.7,4487793.0,4260009.0,227784.0,5.1,New Jersey
2015-12-01,2015,Dec,64.0,60.8,4493120.0,4267692.0,225428.0,5.0,New Jersey
2016-01-01,2016,Jan,64.1,60.9,4497590.0,4273085.0,224505.0,5.0,New Jersey
2016-02-01,2016,Feb,64.1,60.9,4500079.0,4275593.0,224486.0,5.0,New Jersey
2016-03-01,2016,Mar,64.1,60.9,4500037.0,4275290.0,224747.0,5.0,New Jersey
2016-04-01,2016,Apr,64.0,60.8,4498429.0,4273344.0,225085.0,5.0,New Jersey
2016-05-01,2016,May,64.0,60.8,4496747.0,4271365.0,225382.0,5.0,New Jersey
2016-06-01,2016,Jun,64.0,60.8,4495078.0,4269959.0,225119.0,5.0,New Jersey
2016-07-01,2016,Jul,63.9,60.7,4493345.0,4269348.0,223997.0,5.0,New Jersey
2016-08-01,2016,Aug,63.9,60.7,4491870.0,4269454.0,222416.0,5.0,New Jersey
2016-09-01,2016,Sep,63.8,60.7,4490549.0,4269602.0,220947.0,4.9,New Jersey
2016-10-01,2016,Oct,63.8,60.7,4488150.0,4269123.0,219027.0,4.9,New Jersey
2016-11-01,2016,Nov,63.7,60.6,4484804.0,4268999.0,215805.0,4.8,New Jersey
2016-12-01,2016,Dec,63.6,60.6,4482046.0,4270453.0,211593.0,4.7,New Jersey
2017-01-01,2017,Jan,63.6,60.7,4608916.0,4396117.0,212799.0,4.6,New Jersey
2017-02-01,2017,Feb,63.6,60.7,4611297.0,4402506.0,208791.0,4.5,New Jersey
2017-03-01,2017,Mar,63.6,60.8,4615010.0,4408891.0,206119.0,4.5,New Jersey
2017-04-01,2017,Apr,63.6,60.8,4619442.0,4414239.0,205203.0,4.4,New Jersey
2017-05-01,2017,May,63.7,60.8,4623330.0,4417571.0,205759.0,4.5,New Jersey
2017-06-01,2017,Jun,63.6,60.8,4625598.0,4418021.0,207577.0,4.5,New Jersey
2017-07-01,2017,Jul,63.6,60.7,4625490.0,4415446.0,210044.0,4.5,New Jersey
2017-08-01,2017,Aug,63.5,60.6,4622153.0,4410238.0,211915.0,4.6,New Jersey
2017-09-01,2017,Sep,63.4,60.5,4616269.0,4403727.0,212542.0,4.6,New Jersey
2017-10-01,2017,Oct,63.3,60.4,4609435.0,4397686.0,211749.0,4.6,New Jersey
2017-11-01,2017,Nov,63.2,60.3,4602632.0,4392811.0,209821.0,4.6,New Jersey
2017-12-01,2017,Dec,63.0,60.2,4596953.0,4390479.0,206474.0,4.5,New Jersey
2018-01-01,2018,Jan,63.0,60.2,4594473.0,4392214.0,202259.0,4.4,New Jersey
2018-02-01,2018,Feb,63.0,60.3,4596940.0,4398756.0,198184.0,4.3,New Jersey
2018-03-01,2018,Mar,63.1,60.4,4603382.0,4408665.0,194717.0,4.2,New Jersey
2018-04-01,2018,Apr,63.1,60.5,4610320.0,4418557.0,191763.0,4.2,New Jersey
2018-05-01,2018,May,63.2,60.6,4614871.0,4425701.0,189170.0,4.1,New Jersey
2018-06-01,2018,Jun,63.2,60.6,4616059.0,4429793.0,186266.0,4.0,New Jersey
2018-07-01,2018,Jul,63.1,60.6,4614076.0,4431488.0,182588.0,4.0,New Jersey
2018-08-01,2018,Aug,63.0,60.6,4611011.0,4432373.0,178638.0,3.9,New Jersey
2018-09-01,2018,Sep,63.0,60.6,4609037.0,4434073.0,174964.0,3.8,New Jersey
2018-10-01,2018,Oct,62.9,60.6,4609750.0,4438169.0,171581.0,3.7,New Jersey
2018-11-01,2018,Nov,63.0,60.7,4613827.0,4445552.0,168275.0,3.6,New Jersey
2018-12-01,2018,Dec,63.0,60.8,4620634.0,4455786.0,164848.0,3.6,New Jersey
2019-01-01,2019,Jan,63.1,60.9,4628460.0,4467515.0,160945.0,3.5,New Jersey
2019-02-01,2019,Feb,63.2,61.1,4636360.0,4480115.0,156245.0,3.4,New Jersey
2019-03-01,2019,Mar,63.3,61.2,4644993.0,4493191.0,151802.0,3.3,New Jersey
2019-04-01,2019,Apr,63.4,61.4,4655761.0,4506955.0,148806.0,3.2,New Jersey
2019-05-01,2019,May,63.6,61.5,4668729.0,4520462.0,148267.0,3.2,New Jersey
2019-06-01,2019,Jun,63.7,61.7,4682868.0,4532262.0,150606.0,3.2,New Jersey
2019-07-01,2019,Jul,63.9,61.8,4696685.0,4541439.0,155246.0,3.3,New Jersey
2019-08-01,2019,Aug,64.0,61.8,4708870.0,4548271.0,160599.0,3.4,New Jersey
2019-09-01,2019,Sep,64.1,61.9,4719285.0,4554604.0,164681.0,3.5,New Jersey
2019-10-01,2019,Oct,64.2,61.9,4728291.0,4560779.0,167512.0,3.5,New Jersey
2019-11-01,2019,Nov,64.3,62.0,4735677.0,4566400.0,169277.0,3.6,New Jersey
2019-12-01,2019,Dec,64.3,62.0,4738741.0,4569196.0,169545.0,3.6,New Jersey
2020-01-01,2020,Jan,64.2,61.9,4734973.0,4567040.0,167933.0,3.5,New Jersey
2020-02-01,2020,Feb,64.0,61.8,4722120.0,4558665.0,163455.0,3.5,New Jersey
2020-03-01,2020,Mar,63.7,61.6,4701376.0,4547065.0,154311.0,3.3,New Jersey
2020-04-01,2020,Apr,61.2,51.7,4518520.0,3817750.0,700770.0,15.5,New Jersey
2020-05-01,2020,May,62.1,52.2,4579556.0,3854583.0,724973.0,15.8,New Jersey
2020-06-01,2020,Jun,62.6,53.5,4621364.0,3949671.0,671693.0,14.5,New Jersey
2020-07-01,2020,Jul,63.9,54.8,4716522.0,4043080.0,673442.0,14.3,New Jersey
2020-08-01,2020,Aug,64.0,55.8,4723079.0,4117946.0,605133.0,12.8,New Jersey
2020-09-01,2020,Sep,61.8,56.7,4563575.0,4183835.0,379740.0,8.3,New Jersey
2020-10-01,2020,Oct,62.0,57.3,4574059.0,4229655.0,344404.0,7.5,New Jersey
2020-11-01,2020,Nov,62.4,57.7,4609217.0,4264118.0,345099.0,7.5,New Jersey
2020-12-01,2020,Dec,62.7,58.1,4629359.0,4287060.0,342299.0,7.4,New Jersey
2021-01-01,2021,Jan,62.9,58.3,4643010.0,4303514.0,339496.0,7.3,New Jersey
2021-02-01,2021,Feb,63.0,58.5,4652693.0,4318304.0,334389.0,7.2,New Jersey
2021-03-01,2021,Mar,63.1,58.7,4657234.0,4334624.0,322610.0,6.9,New Jersey
2021-04-01,2021,Apr,63.3,58.9,4675610.0,4349897.0,325713.0,7.0,New Jersey
2021-05-01,2021,May,63.3,59.1,4672304.0,4361984.0,310320.0,6.6,New Jersey
2021-06-01,2021,Jun,63.7,59.2,4702203.0,4369843.0,332360.0,7.1,New Jersey
2021-07-01,2021,Jul,63.4,59.2,4684109.0,4374761.0,309348.0,6.6,New Jersey
2021-08-01,2021,Aug,63.4,59.3,4683383.0,4379616.0,303767.0,6.5,New Jersey
2021-09-01,2021,Sep,63.0,59.3,4656122.0,4384960.0,271162.0,5.8,New Jersey
2021-10-01,2021,Oct,62.8,59.4,4646759.0,4392068.0,254691.0,5.5,New Jersey
2021-11-01,2021,Nov,62.6,59.4,4633409.0,4396380.0,237029.0,5.1,New Jersey
2021-12-01,2021,Dec,62.6,59.4,4632670.0,4398562.0,234108.0,5.1,New Jersey
2022-01-01,2022,Jan,62.7,59.5,4643011.0,4403849.0,239162.0,5.2,New Jersey
2012-01-01,2012,Jan,62.8,56.7,4685349.0,4230281.0,455068.0,9.7,North Carolina
2012-02-01,2012,Feb,62.7,56.7,4687985.0,4239253.0,448732.0,9.6,North Carolina
2012-03-01,2012,Mar,62.7,56.8,4690963.0,4245775.0,445188.0,9.5,North Carolina
2012-04-01,2012,Apr,62.7,56.8,4694447.0,4250182.0,444265.0,9.5,North Carolina
2012-05-01,2012,May,62.7,56.8,4699826.0,4254632.0,445194.0,9.5,North Carolina
2012-06-01,2012,Jun,62.8,56.8,4708084.0,4261249.0,446835.0,9.5,North Carolina
2012-07-01,2012,Jul,62.9,56.9,4718993.0,4270883.0,448110.0,9.5,North Carolina
2012-08-01,2012,Aug,63.0,57.0,4731208.0,4282400.0,448808.0,9.5,North Carolina
2012-09-01,2012,Sep,63.0,57.1,4743200.0,4293726.0,449474.0,9.5,North Carolina
2012-10-01,2012,Oct,63.1,57.1,4752900.0,4302880.0,450020.0,9.5,North Carolina
2012-11-01,2012,Nov,63.1,57.1,4758979.0,4308809.0,450170.0,9.5,North Carolina
2012-12-01,2012,Dec,63.1,57.1,4761413.0,4311658.0,449755.0,9.4,North Carolina
2013-01-01,2013,Jan,63.0,57.1,4761137.0,4312086.0,449051.0,9.4,North Carolina
2013-02-01,2013,Feb,62.7,57.0,4743684.0,4311836.0,431848.0,9.1,North Carolina
2013-03-01,2013,Mar,62.5,57.0,4728352.0,4313036.0,415316.0,8.8,North Carolina
2013-04-01,2013,Apr,62.3,57.0,4716914.0,4317396.0,399518.0,8.5,North Carolina
2013-05-01,2013,May,62.1,57.0,4708233.0,4324012.0,384221.0,8.2,North Carolina
2013-06-01,2013,Jun,61.9,57.1,4700202.0,4331352.0,368850.0,7.8,North Carolina
2013-07-01,2013,Jul,61.7,57.1,4691444.0,4338744.0,352700.0,7.5,North Carolina
2013-08-01,2013,Aug,61.6,57.1,4688961.0,4346556.0,342405.0,7.3,North Carolina
2013-09-01,2013,Sep,61.3,57.2,4667427.0,4354108.0,313319.0,6.7,North Carolina
2013-10-01,2013,Oct,61.2,57.2,4668675.0,4360357.0,308318.0,6.6,North Carolina
2013-11-01,2013,Nov,61.2,57.2,4669501.0,4365537.0,303964.0,6.5,North Carolina
2013-12-01,2013,Dec,61.2,57.2,4671157.0,4370197.0,300960.0,6.4,North Carolina
2014-01-01,2014,Jan,61.1,57.2,4674182.0,4375293.0,298889.0,6.4,North Carolina
2014-02-01,2014,Feb,61.1,57.3,4678328.0,4381465.0,296863.0,6.3,North Carolina
2014-03-01,2014,Mar,61.1,57.3,4683224.0,4388272.0,294952.0,6.3,North Carolina
2014-04-01,2014,Apr,61.1,57.3,4687746.0,4394339.0,293407.0,6.3,North Carolina
2014-05-01,2014,May,61.1,57.3,4691864.0,4399972.0,291892.0,6.2,North Carolina
2014-06-01,2014,Jun,61.1,57.4,4696574.0,4406318.0,290256.0,6.2,North Carolina
2014-07-01,2014,Jul,61.1,57.4,4701014.0,4412779.0,288235.0,6.1,North Carolina
2014-08-01,2014,Aug,61.1,57.4,4705145.0,4419198.0,285947.0,6.1,North Carolina
2014-09-01,2014,Sep,61.1,57.4,4709906.0,4426731.0,283175.0,6.0,North Carolina
2014-10-01,2014,Oct,61.1,57.5,4715147.0,4435823.0,279324.0,5.9,North Carolina
2014-11-01,2014,Nov,61.1,57.5,4719503.0,4444742.0,274761.0,5.8,North Carolina
2014-12-01,2014,Dec,61.1,57.6,4723623.0,4452536.0,271087.0,5.7,North Carolina
2015-01-01,2015,Jan,61.1,57.6,4728780.0,4459141.0,269639.0,5.7,North Carolina
2015-02-01,2015,Feb,61.1,57.6,4735727.0,4464853.0,270874.0,5.7,North Carolina
2015-03-01,2015,Mar,61.1,57.6,4744251.0,4470715.0,273536.0,5.8,North Carolina
2015-04-01,2015,Apr,61.2,57.6,4753189.0,4477145.0,276044.0,5.8,North Carolina
2015-05-01,2015,May,61.2,57.7,4760636.0,4483514.0,277122.0,5.8,North Carolina
2015-06-01,2015,Jun,61.2,57.7,4765102.0,4489001.0,276101.0,5.8,North Carolina
2015-07-01,2015,Jul,61.2,57.7,4767689.0,4494279.0,273410.0,5.7,North Carolina
2015-08-01,2015,Aug,61.1,57.7,4769911.0,4500058.0,269853.0,5.7,North Carolina
2015-09-01,2015,Sep,61.1,57.7,4772715.0,4506791.0,265924.0,5.6,North Carolina
2015-10-01,2015,Oct,61.0,57.7,4778016.0,4515716.0,262300.0,5.5,North Carolina
2015-11-01,2015,Nov,61.1,57.8,4787250.0,4527769.0,259481.0,5.4,North Carolina
2015-12-01,2015,Dec,61.2,57.9,4798884.0,4541877.0,257007.0,5.4,North Carolina
2016-01-01,2016,Jan,61.2,58.0,4810316.0,4555925.0,254391.0,5.3,North Carolina
2016-02-01,2016,Feb,61.3,58.1,4819869.0,4568181.0,251688.0,5.2,North Carolina
2016-03-01,2016,Mar,61.3,58.1,4826578.0,4577708.0,248870.0,5.2,North Carolina
2016-04-01,2016,Apr,61.3,58.1,4830974.0,4584798.0,246176.0,5.1,North Carolina
2016-05-01,2016,May,61.2,58.1,4834712.0,4590267.0,244445.0,5.1,North Carolina
2016-06-01,2016,Jun,61.2,58.1,4838912.0,4594881.0,244031.0,5.0,North Carolina
2016-07-01,2016,Jul,61.2,58.1,4844325.0,4599901.0,244424.0,5.0,North Carolina
2016-08-01,2016,Aug,61.2,58.1,4851158.0,4605874.0,245284.0,5.1,North Carolina
2016-09-01,2016,Sep,61.2,58.1,4859201.0,4612759.0,246442.0,5.1,North Carolina
2016-10-01,2016,Oct,61.2,58.1,4867434.0,4620450.0,246984.0,5.1,North Carolina
2016-11-01,2016,Nov,61.3,58.2,4875090.0,4629236.0,245854.0,5.0,North Carolina
2016-12-01,2016,Dec,61.3,58.2,4882053.0,4639157.0,242896.0,5.0,North Carolina
2017-01-01,2017,Jan,61.2,58.3,4829626.0,4594840.0,234786.0,4.9,North Carolina
2017-02-01,2017,Feb,61.3,58.4,4834668.0,4606000.0,228668.0,4.7,North Carolina
2017-03-01,2017,Mar,61.3,58.4,4840015.0,4616768.0,223247.0,4.6,North Carolina
2017-04-01,2017,Apr,61.3,58.5,4847192.0,4627549.0,219643.0,4.5,North Carolina
2017-05-01,2017,May,61.3,58.6,4856677.0,4638960.0,217717.0,4.5,North Carolina
2017-06-01,2017,Jun,61.4,58.7,4867493.0,4650257.0,217236.0,4.5,North Carolina
2017-07-01,2017,Jul,61.5,58.7,4878081.0,4660009.0,218072.0,4.5,North Carolina
2017-08-01,2017,Aug,61.5,58.7,4886091.0,4667119.0,218972.0,4.5,North Carolina
2017-09-01,2017,Sep,61.5,58.7,4890096.0,4671175.0,218921.0,4.5,North Carolina
2017-10-01,2017,Oct,61.4,58.7,4889994.0,4672542.0,217452.0,4.4,North Carolina
2017-11-01,2017,Nov,61.3,58.6,4887261.0,4672554.0,214707.0,4.4,North Carolina
2017-12-01,2017,Dec,61.2,58.6,4885076.0,4674384.0,210692.0,4.3,North Carolina
2018-01-01,2018,Jan,61.2,58.6,4886490.0,4680427.0,206063.0,4.2,North Carolina
2018-02-01,2018,Feb,61.2,58.7,4892610.0,4691093.0,201517.0,4.1,North Carolina
2018-03-01,2018,Mar,61.3,58.8,4901997.0,4704495.0,197502.0,4.0,North Carolina
2018-04-01,2018,Apr,61.3,58.9,4910919.0,4716490.0,194429.0,4.0,North Carolina
2018-05-01,2018,May,61.3,58.9,4916728.0,4723782.0,192946.0,3.9,North Carolina
2018-06-01,2018,Jun,61.3,58.9,4919386.0,4726499.0,192887.0,3.9,North Carolina
2018-07-01,2018,Jul,61.2,58.8,4919403.0,4725570.0,193833.0,3.9,North Carolina
2018-08-01,2018,Aug,61.1,58.7,4919292.0,4723506.0,195786.0,4.0,North Carolina
2018-09-01,2018,Sep,61.1,58.6,4921767.0,4723581.0,198186.0,4.0,North Carolina
2018-10-01,2018,Oct,61.1,58.6,4928050.0,4728084.0,199966.0,4.1,North Carolina
2018-11-01,2018,Nov,61.2,58.7,4937623.0,4737343.0,200280.0,4.1,North Carolina
2018-12-01,2018,Dec,61.3,58.8,4949079.0,4750287.0,198792.0,4.0,North Carolina
2019-01-01,2019,Jan,61.3,58.9,4960321.0,4764419.0,195902.0,3.9,North Carolina
2019-02-01,2019,Feb,61.4,59.0,4969520.0,4777552.0,191968.0,3.9,North Carolina
2019-03-01,2019,Mar,61.4,59.1,4976568.0,4788047.0,188521.0,3.8,North Carolina
2019-04-01,2019,Apr,61.5,59.2,4982764.0,4795974.0,186790.0,3.7,North Carolina
2019-05-01,2019,May,61.5,59.2,4989154.0,4801744.0,187410.0,3.8,North Carolina
2019-06-01,2019,Jun,61.5,59.2,4996347.0,4806146.0,190201.0,3.8,North Carolina
2019-07-01,2019,Jul,61.5,59.2,5004337.0,4810332.0,194005.0,3.9,North Carolina
2019-08-01,2019,Aug,61.6,59.2,5012227.0,4815228.0,196999.0,3.9,North Carolina
2019-09-01,2019,Sep,61.6,59.2,5019344.0,4822073.0,197271.0,3.9,North Carolina
2019-10-01,2019,Oct,61.6,59.2,5025413.0,4830115.0,195298.0,3.9,North Carolina
2019-11-01,2019,Nov,61.6,59.2,5029919.0,4837494.0,192425.0,3.8,North Carolina
2019-12-01,2019,Dec,61.5,59.2,5030284.0,4840332.0,189952.0,3.8,North Carolina
2020-01-01,2020,Jan,61.4,59.1,5026126.0,4837918.0,188208.0,3.7,North Carolina
2020-02-01,2020,Feb,61.3,59.0,5020329.0,4832700.0,187629.0,3.7,North Carolina
2020-03-01,2020,Mar,58.6,56.3,4803784.0,4617934.0,185850.0,3.9,North Carolina
2020-04-01,2020,Apr,56.7,48.6,4647617.0,3988923.0,658694.0,14.2,North Carolina
2020-05-01,2020,May,58.2,51.5,4778243.0,4230550.0,547693.0,11.5,North Carolina
2020-06-01,2020,Jun,58.2,52.6,4782193.0,4322081.0,460112.0,9.6,North Carolina
2020-07-01,2020,Jul,58.6,53.6,4823362.0,4410635.0,412727.0,8.6,North Carolina
2020-08-01,2020,Aug,58.6,54.4,4827226.0,4478821.0,348405.0,7.2,North Carolina
2020-09-01,2020,Sep,58.9,55.0,4850629.0,4534755.0,315874.0,6.5,North Carolina
2020-10-01,2020,Oct,58.8,55.4,4852850.0,4570276.0,282574.0,5.8,North Carolina
2020-11-01,2020,Nov,58.9,55.6,4868848.0,4596386.0,272462.0,5.6,North Carolina
2020-12-01,2020,Dec,59.1,55.8,4889860.0,4615246.0,274614.0,5.6,North Carolina
2021-01-01,2021,Jan,59.2,56.0,4898261.0,4630473.0,267788.0,5.5,North Carolina
2021-02-01,2021,Feb,59.3,56.1,4907319.0,4644505.0,262814.0,5.4,North Carolina
2021-03-01,2021,Mar,59.4,56.2,4919387.0,4661350.0,258037.0,5.2,North Carolina
2021-04-01,2021,Apr,59.5,56.4,4932016.0,4679512.0,252504.0,5.1,North Carolina
2021-05-01,2021,May,59.6,56.6,4945544.0,4698253.0,247291.0,5.0,North Carolina
2021-06-01,2021,Jun,59.7,56.7,4961219.0,4713996.0,247223.0,5.0,North Carolina
2021-07-01,2021,Jul,59.7,56.8,4971983.0,4729562.0,242421.0,4.9,North Carolina
2021-08-01,2021,Aug,59.8,56.9,4983772.0,4746664.0,237108.0,4.8,North Carolina
2021-09-01,2021,Sep,59.8,57.1,4990202.0,4763469.0,226733.0,4.5,North Carolina
2021-10-01,2021,Oct,59.8,57.2,4997228.0,4779257.0,217971.0,4.4,North Carolina
2021-11-01,2021,Nov,59.7,57.2,4994770.0,4784132.0,210638.0,4.2,North Carolina
2021-12-01,2021,Dec,59.6,57.1,4991732.0,4784669.0,207063.0,4.1,North Carolina
2022-01-01,2022,Jan,59.7,57.4,5007262.0,4809793.0,197469.0,3.9,North Carolina
2012-01-01,2012,Jan,63.6,58.6,5734275.0,5284949.0,449326.0,7.8,Ohio
2012-02-01,2012,Feb,63.6,58.7,5731180.0,5291278.0,439902.0,7.7,Ohio
2012-03-01,2012,Mar,63.5,58.7,5727867.0,5294585.0,433282.0,7.6,Ohio
2012-04-01,2012,Apr,63.5,58.7,5721910.0,5293517.0,428393.0,7.5,Ohio
2012-05-01,2012,May,63.4,58.7,5714684.0,5290887.0,423797.0,7.4,Ohio
2012-06-01,2012,Jun,63.3,58.6,5708474.0,5289595.0,418879.0,7.3,Ohio
2012-07-01,2012,Jul,63.2,58.6,5703982.0,5290271.0,413711.0,7.3,Ohio
2012-08-01,2012,Aug,63.2,58.6,5701818.0,5292044.0,409774.0,7.2,Ohio
2012-09-01,2012,Sep,63.1,58.6,5702365.0,5293329.0,409036.0,7.2,Ohio
2012-10-01,2012,Oct,63.1,58.6,5703549.0,5291979.0,411570.0,7.2,Ohio
2012-11-01,2012,Nov,63.1,58.5,5703304.0,5287084.0,416220.0,7.3,Ohio
2012-12-01,2012,Dec,63.1,58.4,5701489.0,5279998.0,421491.0,7.4,Ohio
2013-01-01,2013,Jan,63.0,58.3,5699301.0,5272736.0,426565.0,7.5,Ohio
2013-02-01,2013,Feb,63.0,58.2,5698685.0,5268265.0,430420.0,7.6,Ohio
2013-03-01,2013,Mar,63.0,58.2,5701127.0,5269020.0,432107.0,7.6,Ohio
2013-04-01,2013,Apr,63.1,58.3,5706929.0,5274989.0,431940.0,7.6,Ohio
2013-05-01,2013,May,63.1,58.3,5713147.0,5281766.0,431381.0,7.6,Ohio
2013-06-01,2013,Jun,63.1,58.4,5717334.0,5285529.0,431805.0,7.6,Ohio
2013-07-01,2013,Jul,63.1,58.3,5718793.0,5285992.0,432801.0,7.6,Ohio
2013-08-01,2013,Aug,63.1,58.3,5716629.0,5284908.0,431721.0,7.6,Ohio
2013-09-01,2013,Sep,63.0,58.3,5711245.0,5284794.0,426451.0,7.5,Ohio
2013-10-01,2013,Oct,62.9,58.3,5705087.0,5287632.0,417455.0,7.3,Ohio
2013-11-01,2013,Nov,62.8,58.3,5700211.0,5294623.0,405588.0,7.1,Ohio
2013-12-01,2013,Dec,62.7,58.4,5696553.0,5304884.0,391669.0,6.9,Ohio
2014-01-01,2014,Jan,62.7,58.5,5693500.0,5316915.0,376585.0,6.6,Ohio
2014-02-01,2014,Feb,62.7,58.7,5691029.0,5328838.0,362191.0,6.4,Ohio
2014-03-01,2014,Mar,62.6,58.8,5690228.0,5339396.0,350832.0,6.2,Ohio
2014-04-01,2014,Apr,62.6,58.9,5691744.0,5348627.0,343117.0,6.0,Ohio
2014-05-01,2014,May,62.7,58.9,5696376.0,5358794.0,337582.0,5.9,Ohio
2014-06-01,2014,Jun,62.7,59.1,5704592.0,5372122.0,332470.0,5.8,Ohio
2014-07-01,2014,Jul,62.8,59.2,5714956.0,5387836.0,327120.0,5.7,Ohio
2014-08-01,2014,Aug,62.9,59.4,5726029.0,5404261.0,321768.0,5.6,Ohio
2014-09-01,2014,Sep,63.0,59.5,5735306.0,5419107.0,316199.0,5.5,Ohio
2014-10-01,2014,Oct,63.0,59.6,5740022.0,5429896.0,310126.0,5.4,Ohio
2014-11-01,2014,Nov,63.0,59.6,5738510.0,5434432.0,304078.0,5.3,Ohio
2014-12-01,2014,Dec,62.9,59.6,5732637.0,5433117.0,299520.0,5.2,Ohio
2015-01-01,2015,Jan,62.8,59.5,5725314.0,5428302.0,297012.0,5.2,Ohio
2015-02-01,2015,Feb,62.7,59.5,5719068.0,5423145.0,295923.0,5.2,Ohio
2015-03-01,2015,Mar,62.7,59.5,5715533.0,5421129.0,294404.0,5.2,Ohio
2015-04-01,2015,Apr,62.7,59.5,5713945.0,5422656.0,291289.0,5.1,Ohio
2015-05-01,2015,May,62.6,59.5,5712467.0,5426068.0,286399.0,5.0,Ohio
2015-06-01,2015,Jun,62.6,59.5,5709322.0,5428877.0,280445.0,4.9,Ohio
2015-07-01,2015,Jul,62.5,59.5,5704862.0,5429949.0,274913.0,4.8,Ohio
2015-08-01,2015,Aug,62.4,59.5,5700670.0,5429438.0,271232.0,4.8,Ohio
2015-09-01,2015,Sep,62.4,59.4,5698995.0,5428901.0,270094.0,4.7,Ohio
2015-10-01,2015,Oct,62.4,59.4,5702644.0,5430886.0,271758.0,4.8,Ohio
2015-11-01,2015,Nov,62.5,59.5,5713128.0,5437112.0,276016.0,4.8,Ohio
2015-12-01,2015,Dec,62.7,59.6,5728436.0,5446975.0,281461.0,4.9,Ohio
2016-01-01,2016,Jan,62.8,59.7,5743731.0,5457717.0,286014.0,5.0,Ohio
2016-02-01,2016,Feb,62.9,59.8,5754850.0,5466498.0,288352.0,5.0,Ohio
2016-03-01,2016,Mar,63.0,59.8,5759537.0,5471393.0,288144.0,5.0,Ohio
2016-04-01,2016,Apr,62.9,59.8,5759108.0,5472521.0,286587.0,5.0,Ohio
2016-05-01,2016,May,62.9,59.8,5756166.0,5470836.0,285330.0,5.0,Ohio
2016-06-01,2016,Jun,62.8,59.7,5752564.0,5467270.0,285294.0,5.0,Ohio
2016-07-01,2016,Jul,62.8,59.7,5749748.0,5463246.0,286502.0,5.0,Ohio
2016-08-01,2016,Aug,62.7,59.6,5749164.0,5459942.0,289222.0,5.0,Ohio
2016-09-01,2016,Sep,62.8,59.5,5752040.0,5458133.0,293907.0,5.1,Ohio
2016-10-01,2016,Oct,62.8,59.5,5757428.0,5457993.0,299435.0,5.2,Ohio
2016-11-01,2016,Nov,62.8,59.5,5763754.0,5460359.0,303395.0,5.3,Ohio
2016-12-01,2016,Dec,62.9,59.6,5770112.0,5465690.0,304422.0,5.3,Ohio
2017-01-01,2017,Jan,62.9,59.6,5795256.0,5490665.0,304591.0,5.3,Ohio
2017-02-01,2017,Feb,62.9,59.7,5803585.0,5501760.0,301825.0,5.2,Ohio
2017-03-01,2017,Mar,63.0,59.8,5811518.0,5512940.0,298578.0,5.1,Ohio
2017-04-01,2017,Apr,63.1,59.9,5818553.0,5523019.0,295534.0,5.1,Ohio
2017-05-01,2017,May,63.1,59.9,5824602.0,5531724.0,292878.0,5.0,Ohio
2017-06-01,2017,Jun,63.1,60.0,5829922.0,5538880.0,291042.0,5.0,Ohio
2017-07-01,2017,Jul,63.2,60.0,5834261.0,5544228.0,290033.0,5.0,Ohio
2017-08-01,2017,Aug,63.1,60.0,5834899.0,5546538.0,288361.0,4.9,Ohio
2017-09-01,2017,Sep,63.1,60.0,5829698.0,5545045.0,284653.0,4.9,Ohio
2017-10-01,2017,Oct,62.9,59.9,5819720.0,5540955.0,278765.0,4.8,Ohio
2017-11-01,2017,Nov,62.8,59.8,5807581.0,5535041.0,272540.0,4.7,Ohio
2017-12-01,2017,Dec,62.6,59.8,5797032.0,5529682.0,267350.0,4.6,Ohio
2018-01-01,2018,Jan,62.6,59.7,5792326.0,5527995.0,264331.0,4.6,Ohio
2018-02-01,2018,Feb,62.6,59.8,5795561.0,5531967.0,263594.0,4.5,Ohio
2018-03-01,2018,Mar,62.7,59.9,5804690.0,5540584.0,264106.0,4.5,Ohio
2018-04-01,2018,Apr,62.8,59.9,5814581.0,5550258.0,264323.0,4.5,Ohio
2018-05-01,2018,May,62.9,60.0,5821048.0,5557458.0,263590.0,4.5,Ohio
2018-06-01,2018,Jun,62.8,60.0,5822385.0,5560741.0,261644.0,4.5,Ohio
2018-07-01,2018,Jul,62.8,60.0,5819475.0,5560160.0,259315.0,4.5,Ohio
2018-08-01,2018,Aug,62.7,60.0,5817007.0,5558675.0,258332.0,4.4,Ohio
2018-09-01,2018,Sep,62.7,59.9,5818289.0,5558863.0,259426.0,4.5,Ohio
2018-10-01,2018,Oct,62.8,59.9,5823126.0,5561626.0,261500.0,4.5,Ohio
2018-11-01,2018,Nov,62.8,60.0,5829597.0,5567040.0,262557.0,4.5,Ohio
2018-12-01,2018,Dec,62.9,60.0,5835554.0,5574895.0,260659.0,4.5,Ohio
2019-01-01,2019,Jan,62.9,60.1,5839215.0,5584312.0,254903.0,4.4,Ohio
2019-02-01,2019,Feb,62.9,60.3,5841425.0,5595322.0,246103.0,4.2,Ohio
2019-03-01,2019,Mar,62.9,60.4,5844984.0,5607429.0,237555.0,4.1,Ohio
2019-04-01,2019,Apr,63.0,60.5,5851580.0,5619380.0,232200.0,4.0,Ohio
2019-05-01,2019,May,63.1,60.6,5860300.0,5628868.0,231432.0,3.9,Ohio
2019-06-01,2019,Jun,63.1,60.6,5869614.0,5634675.0,234939.0,4.0,Ohio
2019-07-01,2019,Jul,63.2,60.6,5877713.0,5636741.0,240972.0,4.1,Ohio
2019-08-01,2019,Aug,63.2,60.6,5883368.0,5636161.0,247207.0,4.2,Ohio
2019-09-01,2019,Sep,63.3,60.6,5888347.0,5636766.0,251581.0,4.3,Ohio
2019-10-01,2019,Oct,63.3,60.6,5895472.0,5641013.0,254459.0,4.3,Ohio
2019-11-01,2019,Nov,63.4,60.7,5905527.0,5649133.0,256394.0,4.3,Ohio
2019-12-01,2019,Dec,63.5,60.7,5914143.0,5654755.0,259388.0,4.4,Ohio
2020-01-01,2020,Jan,63.5,60.7,5915607.0,5650552.0,265055.0,4.5,Ohio
2020-02-01,2020,Feb,63.4,60.5,5906128.0,5633460.0,272668.0,4.6,Ohio
2020-03-01,2020,Mar,62.5,59.5,5820521.0,5541056.0,279465.0,4.8,Ohio
2020-04-01,2020,Apr,59.4,49.7,5534881.0,4626775.0,908106.0,16.4,Ohio
2020-05-01,2020,May,60.7,52.9,5650297.0,4931906.0,718391.0,12.7,Ohio
2020-06-01,2020,Jun,60.7,54.1,5657020.0,5034211.0,622809.0,11.0,Ohio
2020-07-01,2020,Jul,61.2,55.1,5697795.0,5135618.0,562177.0,9.9,Ohio
2020-08-01,2020,Aug,61.2,56.0,5698513.0,5218792.0,479721.0,8.4,Ohio
2020-09-01,2020,Sep,61.5,56.8,5726145.0,5289202.0,436943.0,7.6,Ohio
2020-10-01,2020,Oct,61.4,57.2,5724911.0,5333474.0,391437.0,6.8,Ohio
2020-11-01,2020,Nov,61.5,57.5,5727393.0,5357664.0,369729.0,6.5,Ohio
2020-12-01,2020,Dec,61.4,57.6,5724862.0,5367917.0,356945.0,6.2,Ohio
2021-01-01,2021,Jan,61.3,57.7,5714401.0,5373635.0,340766.0,6.0,Ohio
2021-02-01,2021,Feb,61.3,57.8,5714426.0,5381284.0,333142.0,5.8,Ohio
2021-03-01,2021,Mar,61.4,57.9,5721886.0,5395357.0,326529.0,5.7,Ohio
2021-04-01,2021,Apr,61.6,58.1,5735462.0,5414477.0,320985.0,5.6,Ohio
2021-05-01,2021,May,61.7,58.3,5746415.0,5434215.0,312200.0,5.4,Ohio
2021-06-01,2021,Jun,61.7,58.5,5754438.0,5448991.0,305447.0,5.3,Ohio
2021-07-01,2021,Jul,61.7,58.6,5753858.0,5459218.0,294640.0,5.1,Ohio
2021-08-01,2021,Aug,61.6,58.6,5748929.0,5465945.0,282984.0,4.9,Ohio
2021-09-01,2021,Sep,61.5,58.7,5742109.0,5471719.0,270390.0,4.7,Ohio
2021-10-01,2021,Oct,61.5,58.7,5739102.0,5478409.0,260693.0,4.5,Ohio
2021-11-01,2021,Nov,61.5,58.7,5739444.0,5482593.0,256851.0,4.5,Ohio
2021-12-01,2021,Dec,61.5,58.7,5741266.0,5485438.0,255828.0,4.5,Ohio
2022-01-01,2022,Jan,61.5,58.9,5743557.0,5497291.0,246266.0,4.3,Ohio
2012-01-01,2012,Jan,63.2,58.5,6412680.0,5929453.0,483227.0,7.5,Pennsylvania
2012-02-01,2012,Feb,63.3,58.5,6416137.0,5935248.0,480889.0,7.5,Pennsylvania
2012-03-01,2012,Mar,63.3,58.5,6422861.0,5939931.0,482930.0,7.5,Pennsylvania
2012-04-01,2012,Apr,63.4,58.6,6431482.0,5943284.0,488198.0,7.6,Pennsylvania
2012-05-01,2012,May,63.5,58.6,6440986.0,5946445.0,494541.0,7.7,Pennsylvania
2012-06-01,2012,Jun,63.5,58.6,6450474.0,5950829.0,499645.0,7.7,Pennsylvania
2012-07-01,2012,Jul,63.6,58.6,6458986.0,5957166.0,501820.0,7.8,Pennsylvania
2012-08-01,2012,Aug,63.6,58.7,6466612.0,5964896.0,501716.0,7.8,Pennsylvania
2012-09-01,2012,Sep,63.7,58.8,6473455.0,5972618.0,500837.0,7.7,Pennsylvania
2012-10-01,2012,Oct,63.7,58.8,6477053.0,5977594.0,499459.0,7.7,Pennsylvania
2012-11-01,2012,Nov,63.7,58.8,6475700.0,5977993.0,497707.0,7.7,Pennsylvania
2012-12-01,2012,Dec,63.6,58.7,6469454.0,5974427.0,495027.0,7.7,Pennsylvania
2013-01-01,2013,Jan,63.5,58.7,6459448.0,5968637.0,490811.0,7.6,Pennsylvania
2013-02-01,2013,Feb,63.4,58.6,6448317.0,5963576.0,484741.0,7.5,Pennsylvania
2013-03-01,2013,Mar,63.3,58.6,6439008.0,5961886.0,477122.0,7.4,Pennsylvania
2013-04-01,2013,Apr,63.2,58.6,6433901.0,5964767.0,469134.0,7.3,Pennsylvania
2013-05-01,2013,May,63.2,58.7,6431705.0,5969205.0,462500.0,7.2,Pennsylvania
2013-06-01,2013,Jun,63.2,58.7,6429380.0,5971295.0,458085.0,7.1,Pennsylvania
2013-07-01,2013,Jul,63.1,58.6,6424767.0,5969474.0,455293.0,7.1,Pennsylvania
2013-08-01,2013,Aug,63.0,58.6,6416123.0,5964676.0,451447.0,7.0,Pennsylvania
2013-09-01,2013,Sep,62.9,58.5,6404340.0,5959318.0,445022.0,6.9,Pennsylvania
2013-10-01,2013,Oct,62.7,58.5,6393597.0,5956291.0,437306.0,6.8,Pennsylvania
2013-11-01,2013,Nov,62.7,58.5,6387329.0,5958121.0,429208.0,6.7,Pennsylvania
2013-12-01,2013,Dec,62.6,58.5,6386175.0,5964685.0,421490.0,6.6,Pennsylvania
2014-01-01,2014,Jan,62.7,58.6,6388276.0,5974041.0,414235.0,6.5,Pennsylvania
2014-02-01,2014,Feb,62.7,58.7,6390970.0,5983678.0,407292.0,6.4,Pennsylvania
2014-03-01,2014,Mar,62.7,58.7,6392273.0,5991065.0,401208.0,6.3,Pennsylvania
2014-04-01,2014,Apr,62.7,58.8,6390305.0,5994857.0,395448.0,6.2,Pennsylvania
2014-05-01,2014,May,62.6,58.8,6385963.0,5997076.0,388887.0,6.1,Pennsylvania
2014-06-01,2014,Jun,62.5,58.8,6382223.0,6001094.0,381129.0,6.0,Pennsylvania
2014-07-01,2014,Jul,62.5,58.9,6380460.0,6007565.0,372895.0,5.8,Pennsylvania
2014-08-01,2014,Aug,62.5,58.9,6382229.0,6016409.0,365820.0,5.7,Pennsylvania
2014-09-01,2014,Sep,62.6,59.0,6387480.0,6026772.0,360708.0,5.6,Pennsylvania
2014-10-01,2014,Oct,62.6,59.1,6393131.0,6036120.0,357011.0,5.6,Pennsylvania
2014-11-01,2014,Nov,62.6,59.2,6396471.0,6042204.0,354267.0,5.5,Pennsylvania
2014-12-01,2014,Dec,62.6,59.2,6397976.0,6045102.0,352874.0,5.5,Pennsylvania
2015-01-01,2015,Jan,62.6,59.2,6399411.0,6046534.0,352877.0,5.5,Pennsylvania
2015-02-01,2015,Feb,62.7,59.2,6402054.0,6048226.0,353828.0,5.5,Pennsylvania
2015-03-01,2015,Mar,62.7,59.3,6406408.0,6052263.0,354145.0,5.5,Pennsylvania
2015-04-01,2015,Apr,62.8,59.3,6412274.0,6059046.0,353228.0,5.5,Pennsylvania
2015-05-01,2015,May,62.8,59.4,6417950.0,6066953.0,350997.0,5.5,Pennsylvania
2015-06-01,2015,Jun,62.9,59.5,6421791.0,6073881.0,347910.0,5.4,Pennsylvania
2015-07-01,2015,Jul,62.9,59.5,6424397.0,6079630.0,344767.0,5.4,Pennsylvania
2015-08-01,2015,Aug,62.9,59.5,6426714.0,6084814.0,341900.0,5.3,Pennsylvania
2015-09-01,2015,Sep,62.9,59.6,6429981.0,6090516.0,339465.0,5.3,Pennsylvania
2015-10-01,2015,Oct,63.0,59.7,6436573.0,6098624.0,337949.0,5.3,Pennsylvania
2015-11-01,2015,Nov,63.1,59.7,6446815.0,6108866.0,337949.0,5.2,Pennsylvania
2015-12-01,2015,Dec,63.2,59.8,6458131.0,6118943.0,339188.0,5.3,Pennsylvania
2016-01-01,2016,Jan,63.2,59.9,6467536.0,6126634.0,340902.0,5.3,Pennsylvania
2016-02-01,2016,Feb,63.3,59.9,6473118.0,6130276.0,342842.0,5.3,Pennsylvania
2016-03-01,2016,Mar,63.3,59.9,6474416.0,6129729.0,344687.0,5.3,Pennsylvania
2016-04-01,2016,Apr,63.3,59.9,6472917.0,6126458.0,346459.0,5.4,Pennsylvania
2016-05-01,2016,May,63.3,59.9,6470707.0,6122515.0,348192.0,5.4,Pennsylvania
2016-06-01,2016,Jun,63.2,59.8,6468539.0,6119045.0,349494.0,5.4,Pennsylvania
2016-07-01,2016,Jul,63.2,59.8,6465434.0,6115856.0,349578.0,5.4,Pennsylvania
2016-08-01,2016,Aug,63.1,59.7,6460382.0,6111927.0,348455.0,5.4,Pennsylvania
2016-09-01,2016,Sep,63.0,59.7,6453159.0,6106573.0,346586.0,5.4,Pennsylvania
2016-10-01,2016,Oct,62.9,59.6,6444103.0,6100196.0,343907.0,5.3,Pennsylvania
2016-11-01,2016,Nov,62.8,59.5,6435694.0,6095476.0,340218.0,5.3,Pennsylvania
2016-12-01,2016,Dec,62.8,59.5,6430351.0,6094481.0,335870.0,5.2,Pennsylvania
2017-01-01,2017,Jan,62.7,59.5,6490079.0,6153834.0,336245.0,5.2,Pennsylvania
2017-02-01,2017,Feb,62.8,59.6,6493374.0,6160622.0,332752.0,5.1,Pennsylvania
2017-03-01,2017,Mar,62.8,59.6,6496779.0,6167358.0,329421.0,5.1,Pennsylvania
2017-04-01,2017,Apr,62.8,59.6,6498146.0,6171838.0,326308.0,5.0,Pennsylvania
2017-05-01,2017,May,62.8,59.6,6496113.0,6173003.0,323110.0,5.0,Pennsylvania
2017-06-01,2017,Jun,62.7,59.6,6491089.0,6170674.0,320415.0,4.9,Pennsylvania
2017-07-01,2017,Jul,62.6,59.5,6484963.0,6166001.0,318962.0,4.9,Pennsylvania
2017-08-01,2017,Aug,62.5,59.5,6478865.0,6160498.0,318367.0,4.9,Pennsylvania
2017-09-01,2017,Sep,62.5,59.4,6473619.0,6155362.0,318257.0,4.9,Pennsylvania
2017-10-01,2017,Oct,62.4,59.3,6469541.0,6151692.0,317849.0,4.9,Pennsylvania
2017-11-01,2017,Nov,62.3,59.3,6466394.0,6149558.0,316836.0,4.9,Pennsylvania
2017-12-01,2017,Dec,62.3,59.3,6465239.0,6150734.0,314505.0,4.9,Pennsylvania
2018-01-01,2018,Jan,62.3,59.3,6467667.0,6156855.0,310812.0,4.8,Pennsylvania
2018-02-01,2018,Feb,62.4,59.4,6474412.0,6168390.0,306022.0,4.7,Pennsylvania
2018-03-01,2018,Mar,62.5,59.6,6483756.0,6183404.0,300352.0,4.6,Pennsylvania
2018-04-01,2018,Apr,62.5,59.7,6492232.0,6197965.0,294267.0,4.5,Pennsylvania
2018-05-01,2018,May,62.6,59.8,6497870.0,6208874.0,288996.0,4.4,Pennsylvania
2018-06-01,2018,Jun,62.6,59.8,6500754.0,6215689.0,285065.0,4.4,Pennsylvania
2018-07-01,2018,Jul,62.6,59.9,6501502.0,6219284.0,282218.0,4.3,Pennsylvania
2018-08-01,2018,Aug,62.6,59.9,6502633.0,6221880.0,280753.0,4.3,Pennsylvania
2018-09-01,2018,Sep,62.6,59.9,6506168.0,6225364.0,280804.0,4.3,Pennsylvania
2018-10-01,2018,Oct,62.6,59.9,6513065.0,6230853.0,282212.0,4.3,Pennsylvania
2018-11-01,2018,Nov,62.7,60.0,6522742.0,6238158.0,284584.0,4.4,Pennsylvania
2018-12-01,2018,Dec,62.8,60.0,6533648.0,6246350.0,287298.0,4.4,Pennsylvania
2019-01-01,2019,Jan,62.9,60.1,6543555.0,6254069.0,289486.0,4.4,Pennsylvania
2019-02-01,2019,Feb,63.0,60.2,6549803.0,6260086.0,289717.0,4.4,Pennsylvania
2019-03-01,2019,Mar,63.0,60.2,6552218.0,6263868.0,288350.0,4.4,Pennsylvania
2019-04-01,2019,Apr,63.0,60.2,6552682.0,6266529.0,286153.0,4.4,Pennsylvania
2019-05-01,2019,May,63.0,60.2,6552905.0,6268443.0,284462.0,4.3,Pennsylvania
2019-06-01,2019,Jun,63.0,60.2,6554339.0,6269524.0,284815.0,4.3,Pennsylvania
2019-07-01,2019,Jul,63.0,60.2,6557583.0,6269713.0,287870.0,4.4,Pennsylvania
2019-08-01,2019,Aug,63.0,60.2,6562404.0,6269550.0,292854.0,4.5,Pennsylvania
2019-09-01,2019,Sep,63.0,60.2,6568203.0,6270802.0,297401.0,4.5,Pennsylvania
2019-10-01,2019,Oct,63.1,60.2,6574033.0,6272213.0,301820.0,4.6,Pennsylvania
2019-11-01,2019,Nov,63.1,60.2,6576867.0,6271144.0,305723.0,4.6,Pennsylvania
2019-12-01,2019,Dec,63.0,60.1,6571438.0,6262369.0,309069.0,4.7,Pennsylvania
2020-01-01,2020,Jan,62.9,59.9,6557798.0,6243679.0,314119.0,4.8,Pennsylvania
2020-02-01,2020,Feb,62.7,59.6,6541450.0,6217554.0,323896.0,5.0,Pennsylvania
2020-03-01,2020,Mar,62.6,59.4,6527394.0,6189680.0,337714.0,5.2,Pennsylvania
2020-04-01,2020,Apr,60.8,50.8,6343145.0,5297876.0,1045269.0,16.5,Pennsylvania
2020-05-01,2020,May,61.9,53.8,6449949.0,5603454.0,846495.0,13.1,Pennsylvania
2020-06-01,2020,Jun,61.9,54.7,6449044.0,5705785.0,743259.0,11.5,Pennsylvania
2020-07-01,2020,Jul,62.3,55.6,6489105.0,5798225.0,690880.0,10.6,Pennsylvania
2020-08-01,2020,Aug,62.2,56.3,6483325.0,5866791.0,616534.0,9.5,Pennsylvania
2020-09-01,2020,Sep,62.3,56.8,6496930.0,5916378.0,580552.0,8.9,Pennsylvania
2020-10-01,2020,Oct,62.2,57.0,6481120.0,5942848.0,538272.0,8.3,Pennsylvania
2020-11-01,2020,Nov,62.1,57.1,6473949.0,5956147.0,517802.0,8.0,Pennsylvania
2020-12-01,2020,Dec,62.0,57.2,6462948.0,5962542.0,500406.0,7.7,Pennsylvania
2021-01-01,2021,Jan,61.9,57.3,6454300.0,5968862.0,485438.0,7.5,Pennsylvania
2021-02-01,2021,Feb,61.9,57.4,6447713.0,5977140.0,470573.0,7.3,Pennsylvania
2021-03-01,2021,Mar,61.8,57.5,6443504.0,5987857.0,455647.0,7.1,Pennsylvania
2021-04-01,2021,Apr,61.8,57.6,6441762.0,5997691.0,444071.0,6.9,Pennsylvania
2021-05-01,2021,May,61.8,57.6,6435030.0,6003537.0,431493.0,6.7,Pennsylvania
2021-06-01,2021,Jun,61.7,57.6,6427349.0,6004013.0,423336.0,6.6,Pennsylvania
2021-07-01,2021,Jul,61.5,57.6,6410832.0,6002148.0,408684.0,6.4,Pennsylvania
2021-08-01,2021,Aug,61.3,57.6,6391779.0,6000568.0,391211.0,6.1,Pennsylvania
2021-09-01,2021,Sep,61.1,57.6,6375197.0,6003052.0,372145.0,5.8,Pennsylvania
2021-10-01,2021,Oct,61.0,57.6,6365045.0,6008352.0,356693.0,5.6,Pennsylvania
2021-11-01,2021,Nov,61.0,57.6,6364601.0,6013499.0,351102.0,5.5,Pennsylvania
2021-12-01,2021,Dec,61.0,57.7,6367256.0,6017044.0,350212.0,5.5,Pennsylvania
2022-01-01,2022,Jan,61.1,57.8,6371387.0,6030328.0,341059.0,5.4,Pennsylvania
2012-01-01,2012,Jan,67.2,63.0,4222321.0,3959095.0,263226.0,6.2,Virginia
2012-02-01,2012,Feb,67.0,62.9,4218049.0,3958507.0,259542.0,6.2,Virginia
2012-03-01,2012,Mar,66.9,62.8,4214269.0,3956965.0,257304.0,6.1,Virginia
2012-04-01,2012,Apr,66.8,62.7,4210876.0,3954894.0,255982.0,6.1,Virginia
2012-05-01,2012,May,66.7,62.7,4208645.0,3953818.0,254827.0,6.1,Virginia
2012-06-01,2012,Jun,66.6,62.6,4208558.0,3955368.0,253190.0,6.0,Virginia
2012-07-01,2012,Jul,66.6,62.6,4210712.0,3960179.0,250533.0,5.9,Virginia
2012-08-01,2012,Aug,66.6,62.7,4215085.0,3967765.0,247320.0,5.9,Virginia
2012-09-01,2012,Sep,66.6,62.8,4221076.0,3976567.0,244509.0,5.8,Virginia
2012-10-01,2012,Oct,66.7,62.8,4226595.0,3984368.0,242227.0,5.7,Virginia
2012-11-01,2012,Nov,66.7,62.9,4230245.0,3989727.0,240518.0,5.7,Virginia
2012-12-01,2012,Dec,66.6,62.9,4231663.0,3992299.0,239364.0,5.7,Virginia
2013-01-01,2013,Jan,66.6,62.8,4230986.0,3992211.0,238775.0,5.6,Virginia
2013-02-01,2013,Feb,66.5,62.7,4229626.0,3991100.0,238526.0,5.6,Virginia
2013-03-01,2013,Mar,66.5,62.7,4229584.0,3991308.0,238276.0,5.6,Virginia
2013-04-01,2013,Apr,66.4,62.7,4232119.0,3994223.0,237896.0,5.6,Virginia
2013-05-01,2013,May,66.4,62.7,4236152.0,3998446.0,237706.0,5.6,Virginia
2013-06-01,2013,Jun,66.5,62.7,4240224.0,4002240.0,237984.0,5.6,Virginia
2013-07-01,2013,Jul,66.5,62.7,4243322.0,4005011.0,238311.0,5.6,Virginia
2013-08-01,2013,Aug,66.4,62.7,4244602.0,4007012.0,237590.0,5.6,Virginia
2013-09-01,2013,Sep,66.4,62.7,4244434.0,4009047.0,235387.0,5.5,Virginia
2013-10-01,2013,Oct,66.3,62.7,4244667.0,4011855.0,232812.0,5.5,Virginia
2013-11-01,2013,Nov,66.3,62.7,4246742.0,4016111.0,230631.0,5.4,Virginia
2013-12-01,2013,Dec,66.3,62.7,4250846.0,4021840.0,229006.0,5.4,Virginia
2014-01-01,2014,Jan,66.3,62.8,4256299.0,4028612.0,227687.0,5.3,Virginia
2014-02-01,2014,Feb,66.4,62.9,4261740.0,4035391.0,226349.0,5.3,Virginia
2014-03-01,2014,Mar,66.4,62.9,4265948.0,4040682.0,225266.0,5.3,Virginia
2014-04-01,2014,Apr,66.4,62.9,4267774.0,4043315.0,224459.0,5.3,Virginia
2014-05-01,2014,May,66.3,62.9,4267161.0,4043979.0,223182.0,5.2,Virginia
2014-06-01,2014,Jun,66.3,62.8,4265150.0,4044124.0,221026.0,5.2,Virginia
2014-07-01,2014,Jul,66.1,62.8,4261973.0,4043653.0,218320.0,5.1,Virginia
2014-08-01,2014,Aug,66.0,62.7,4258573.0,4043065.0,215508.0,5.1,Virginia
2014-09-01,2014,Sep,65.9,62.6,4255711.0,4042931.0,212780.0,5.0,Virginia
2014-10-01,2014,Oct,65.8,62.6,4252749.0,4042841.0,209908.0,4.9,Virginia
2014-11-01,2014,Nov,65.7,62.5,4249011.0,4042113.0,206898.0,4.9,Virginia
2014-12-01,2014,Dec,65.6,62.5,4245503.0,4041135.0,204368.0,4.8,Virginia
2015-01-01,2015,Jan,65.6,62.4,4242711.0,4040145.0,202566.0,4.8,Virginia
2015-02-01,2015,Feb,65.5,62.4,4240767.0,4039464.0,201303.0,4.7,Virginia
2015-03-01,2015,Mar,65.4,62.4,4239843.0,4040318.0,199525.0,4.7,Virginia
2015-04-01,2015,Apr,65.4,62.4,4239190.0,4042765.0,196425.0,4.6,Virginia
2015-05-01,2015,May,65.3,62.4,4237686.0,4045613.0,192073.0,4.5,Virginia
2015-06-01,2015,Jun,65.2,62.3,4234686.0,4047714.0,186972.0,4.4,Virginia
2015-07-01,2015,Jul,65.1,62.3,4231177.0,4049219.0,181958.0,4.3,Virginia
2015-08-01,2015,Aug,65.0,62.3,4227968.0,4050212.0,177756.0,4.2,Virginia
2015-09-01,2015,Sep,64.9,62.3,4225421.0,4050900.0,174521.0,4.1,Virginia
2015-10-01,2015,Oct,64.9,62.3,4224998.0,4052719.0,172279.0,4.1,Virginia
2015-11-01,2015,Nov,64.9,62.3,4227185.0,4056317.0,170868.0,4.0,Virginia
2015-12-01,2015,Dec,64.9,62.3,4230228.0,4060702.0,169526.0,4.0,Virginia
2016-01-01,2016,Jan,64.9,62.3,4232843.0,4065106.0,167737.0,4.0,Virginia
2016-02-01,2016,Feb,64.9,62.3,4234522.0,4068700.0,165822.0,3.9,Virginia
2016-03-01,2016,Mar,64.9,62.4,4235332.0,4070935.0,164397.0,3.9,Virginia
2016-04-01,2016,Apr,64.9,62.4,4236772.0,4072587.0,164185.0,3.9,Virginia
2016-05-01,2016,May,64.9,62.4,4240409.0,4074927.0,165482.0,3.9,Virginia
2016-06-01,2016,Jun,64.9,62.4,4246189.0,4078270.0,167919.0,4.0,Virginia
2016-07-01,2016,Jul,65.0,62.4,4253358.0,4082681.0,170677.0,4.0,Virginia
2016-08-01,2016,Aug,65.1,62.4,4261151.0,4088025.0,173126.0,4.1,Virginia
2016-09-01,2016,Sep,65.1,62.5,4269034.0,4094058.0,174976.0,4.1,Virginia
2016-10-01,2016,Oct,65.2,62.5,4276217.0,4100496.0,175721.0,4.1,Virginia
2016-11-01,2016,Nov,65.2,62.6,4283055.0,4107886.0,175169.0,4.1,Virginia
2016-12-01,2016,Dec,65.3,62.7,4290653.0,4116919.0,173734.0,4.0,Virginia
2017-01-01,2017,Jan,65.4,62.8,4318562.0,4144568.0,173994.0,4.0,Virginia
2017-02-01,2017,Feb,65.6,63.0,4329575.0,4157544.0,172031.0,4.0,Virginia
2017-03-01,2017,Mar,65.7,63.1,4339507.0,4170194.0,169313.0,3.9,Virginia
2017-04-01,2017,Apr,65.7,63.2,4347838.0,4181768.0,166070.0,3.8,Virginia
2017-05-01,2017,May,65.8,63.3,4354662.0,4192147.0,162515.0,3.7,Virginia
2017-06-01,2017,Jun,65.8,63.4,4359665.0,4200505.0,159160.0,3.7,Virginia
2017-07-01,2017,Jul,65.8,63.5,4362829.0,4206323.0,156506.0,3.6,Virginia
2017-08-01,2017,Aug,65.8,63.5,4364018.0,4209550.0,154468.0,3.5,Virginia
2017-09-01,2017,Sep,65.7,63.4,4363693.0,4210984.0,152709.0,3.5,Virginia
2017-10-01,2017,Oct,65.7,63.4,4362892.0,4211968.0,150924.0,3.5,Virginia
2017-11-01,2017,Nov,65.7,63.4,4362552.0,4213541.0,149011.0,3.4,Virginia
2017-12-01,2017,Dec,65.6,63.4,4364128.0,4217312.0,146816.0,3.4,Virginia
2018-01-01,2018,Jan,65.7,63.5,4368698.0,4224313.0,144385.0,3.3,Virginia
2018-02-01,2018,Feb,65.8,63.6,4376237.0,4234740.0,141497.0,3.2,Virginia
2018-03-01,2018,Mar,65.9,63.8,4384496.0,4246774.0,137722.0,3.1,Virginia
2018-04-01,2018,Apr,65.9,63.9,4389539.0,4256496.0,133043.0,3.0,Virginia
2018-05-01,2018,May,65.9,64.0,4389088.0,4260902.0,128186.0,2.9,Virginia
2018-06-01,2018,Jun,65.8,63.9,4384613.0,4260628.0,123985.0,2.8,Virginia
2018-07-01,2018,Jul,65.6,63.8,4378726.0,4257711.0,121015.0,2.8,Virginia
2018-08-01,2018,Aug,65.5,63.7,4374959.0,4254879.0,120080.0,2.7,Virginia
2018-09-01,2018,Sep,65.5,63.7,4375977.0,4254401.0,121576.0,2.8,Virginia
2018-10-01,2018,Oct,65.6,63.7,4382699.0,4257735.0,124964.0,2.9,Virginia
2018-11-01,2018,Nov,65.7,63.8,4394158.0,4265195.0,128963.0,2.9,Virginia
2018-12-01,2018,Dec,65.9,63.9,4408593.0,4275950.0,132643.0,3.0,Virginia
2019-01-01,2019,Jan,66.0,64.0,4423237.0,4288349.0,134888.0,3.0,Virginia
2019-02-01,2019,Feb,66.2,64.2,4435608.0,4300991.0,134617.0,3.0,Virginia
2019-03-01,2019,Mar,66.3,64.3,4444106.0,4312608.0,131498.0,3.0,Virginia
2019-04-01,2019,Apr,66.3,64.4,4448783.0,4322634.0,126149.0,2.8,Virginia
2019-05-01,2019,May,66.3,64.5,4450633.0,4330431.0,120202.0,2.7,Virginia
2019-06-01,2019,Jun,66.3,64.6,4451439.0,4335880.0,115559.0,2.6,Virginia
2019-07-01,2019,Jul,66.3,64.6,4452963.0,4339329.0,113634.0,2.6,Virginia
2019-08-01,2019,Aug,66.3,64.6,4456631.0,4342107.0,114524.0,2.6,Virginia
2019-09-01,2019,Sep,66.3,64.6,4463234.0,4346413.0,116821.0,2.6,Virginia
2019-10-01,2019,Oct,66.4,64.6,4471359.0,4352179.0,119180.0,2.7,Virginia
2019-11-01,2019,Nov,66.5,64.7,4478423.0,4358050.0,120373.0,2.7,Virginia
2019-12-01,2019,Dec,66.4,64.7,4479922.0,4360555.0,119367.0,2.7,Virginia
2020-01-01,2020,Jan,66.3,64.6,4476110.0,4358002.0,118108.0,2.6,Virginia
2020-02-01,2020,Feb,66.3,64.5,4472102.0,4351486.0,120616.0,2.7,Virginia
2020-03-01,2020,Mar,66.3,64.4,4475224.0,4346203.0,129021.0,2.9,Virginia
2020-04-01,2020,Apr,65.7,58.1,4438368.0,3923996.0,514372.0,11.6,Virginia
2020-05-01,2020,May,64.5,58.4,4360022.0,3942454.0,417568.0,9.6,Virginia
2020-06-01,2020,Jun,64.1,58.7,4331562.0,3964356.0,367206.0,8.5,Virginia
2020-07-01,2020,Jul,64.2,59.2,4341747.0,3999123.0,342624.0,7.9,Virginia
2020-08-01,2020,Aug,64.0,59.5,4329004.0,4026641.0,302363.0,7.0,Virginia
2020-09-01,2020,Sep,63.9,59.9,4325042.0,4050998.0,274044.0,6.3,Virginia
2020-10-01,2020,Oct,63.6,60.0,4302708.0,4061102.0,241606.0,5.6,Virginia
2020-11-01,2020,Nov,63.3,60.1,4288791.0,4066868.0,221923.0,5.2,Virginia
2020-12-01,2020,Dec,63.2,60.1,4281135.0,4068950.0,212185.0,5.0,Virginia
2021-01-01,2021,Jan,63.1,60.1,4273026.0,4070041.0,202985.0,4.8,Virginia
2021-02-01,2021,Feb,63.0,60.1,4269666.0,4072592.0,197074.0,4.6,Virginia
2021-03-01,2021,Mar,63.0,60.2,4271368.0,4079907.0,191461.0,4.5,Virginia
2021-04-01,2021,Apr,63.0,60.3,4271495.0,4087031.0,184464.0,4.3,Virginia
2021-05-01,2021,May,63.0,60.4,4269959.0,4093462.0,176497.0,4.1,Virginia
2021-06-01,2021,Jun,62.9,60.4,4265672.0,4096488.0,169184.0,4.0,Virginia
2021-07-01,2021,Jul,62.8,60.4,4259200.0,4098902.0,160298.0,3.8,Virginia
2021-08-01,2021,Aug,62.7,60.5,4257595.0,4104689.0,152906.0,3.6,Virginia
2021-09-01,2021,Sep,62.7,60.5,4256874.0,4110238.0,146636.0,3.4,Virginia
2021-10-01,2021,Oct,62.7,60.6,4261352.0,4118511.0,142841.0,3.4,Virginia
2021-11-01,2021,Nov,62.7,60.6,4261974.0,4120445.0,141529.0,3.3,Virginia
2021-12-01,2021,Dec,62.6,60.6,4261296.0,4120143.0,141153.0,3.3,Virginia
2022-01-01,2022,Jan,62.9,60.8,4277757.0,4138496.0,139261.0,3.3,Virginia
