"GeoFips","GeoName","LineCode","Description","2012:Q1","2012:Q2","2012:Q3","2012:Q4","2013:Q1","2013:Q2","2013:Q3","2013:Q4","2014:Q1","2014:Q2","2014:Q3","2014:Q4","2015:Q1","2015:Q2","2015:Q3","2015:Q4","2016:Q1","2016:Q2","2016:Q3","2016:Q4","2017:Q1","2017:Q2","2017:Q3","2017:Q4","2018:Q1","2018:Q2","2018:Q3","2018:Q4","2019:Q1","2019:Q2","2019:Q3","2019:Q4","2020:Q1","2020:Q2","2020:Q3","2020:Q4","2021:Q1","2021:Q2","2021:Q3"
"01000","Alabama","1","Personal income (millions of dollars, seasonally adjusted)",171805.2,173476.2,171972.3,176192.9,174319.6,175041.3,176099.1,175281.1,176964.1,179958.8,182473.3,184918.8,187220.2,188690.9,190223.3,190327.5,191242.8,191888.1,192446.5,193876.4,196920.4,198525.0,199752.5,202147.7,204412.1,205930.8,207561.9,210309.6,213580.1,215125.8,216690.0,218325.6,220503.8,239992.0,228757.7,225741.7,260165.8,237569.3,239070.3
"01000","Alabama","2","Population (midperiod, persons) 1/",4811070,4814535,4819450,4824247,4826744,4829571,4833698,4837723,4840041,4842263,4846064,4849924,4851546,4853403,4856986,4860795,4862857,4865180,4868953,4872717,4874595,4876408,4880452,4884778,4886938,4889702,4894401,4899364,4902271,4905709,4910975,4916419,4919385,4920954,4924127,4928670,4930141,4932200,4936526
"01000","Alabama","3","Per capita personal income (dollars) 2/",35710,36032,35683,36522,36115,36244,36432,36232,36563,37164,37654,38128,38590,38878,39165,39156,39327,39441,39525,39788,40397,40711,40929,41383,41828,42115,42408,42926,43568,43852,44124,44407,44823,48769,46456,45802,52770,48167,48429
"02000","Alaska *","1","Personal income (millions of dollars, seasonally adjusted)",38971.6,39289.6,39137.2,39665.6,38716.5,38734.6,39155.8,39305.2,40486.2,41091.7,41423.0,41839.0,42474.1,42605.6,42582.9,42557.8,41822.5,41716.9,41787.2,42023.0,42003.9,42202.2,42708.6,43073.7,43506.8,43730.3,44436.4,44737.2,44947.1,45149.9,45450.0,45628.5,45416.0,48729.7,45631.7,45943.8,50908.5,48328.8,48619.0
"02000","Alaska *","2","Population (midperiod, persons) 1/",727712,729758,731774,733633,735202,736761,737598,737598,737379,737141,737359,737840,738031,738269,739008,740106,741037,742012,742454,742186,741673,741148,740519,739538,738291,737131,736322,735674,734770,733948,733448,733072,732407,731605,730832,730138,729197,728469,727870
"02000","Alaska *","3","Per capita personal income (dollars) 2/",53554,53839,53483,54067,52661,52574,53086,53288,54905,55745,56177,56705,57551,57710,57622,57502,56438,56221,56283,56621,56634,56942,57674,58244,58929,59325,60349,60811,61172,61516,61968,62243,62009,66607,62438,62925,69814,66343,66796
"04000","Arizona","1","Personal income (millions of dollars, seasonally adjusted)",234167.8,237047.1,235982.2,244039.0,240161.4,243169.5,244888.4,246790.0,252123.8,255360.9,258837.9,262766.6,267031.2,270117.2,271265.9,274847.8,277248.9,280824.1,284220.1,286047.5,291952.2,295172.3,300483.3,304011.9,310010.7,313092.9,318117.1,321708.0,328327.3,331518.5,335868.4,340381.5,345632.5,386818.9,375055.6,366327.6,412559.1,385100.4,388859.8
"04000","Arizona","2","Population (midperiod, persons) 1/",6526567,6546070,6567653,6588918,6606778,6624834,6647932,6674067,6697498,6720717,6746899,6773603,6796911,6820390,6847944,6877272,6903891,6930680,6958940,6986514,7010943,7035055,7063884,7094536,7121796,7149569,7181461,7214922,7245115,7275739,7310196,7345938,7378105,7407412,7439087,7473388,7503701,7534248,7568199
"04000","Arizona","3","Per capita personal income (dollars) 2/",35879,36212,35931,37038,36351,36706,36837,36977,37644,37996,38364,38793,39287,39604,39613,39965,40158,40519,40842,40943,41642,41957,42538,42852,43530,43792,44297,44589,45317,45565,45945,46336,46846,52221,50417,49018,54981,51113,51381
"05000","Arkansas","1","Personal income (millions of dollars, seasonally adjusted)",106004.7,107754.5,106758.9,110991.0,107782.3,108226.1,108785.2,108677.5,111803.6,114221.9,115468.9,117478.9,117047.3,118150.5,119449.8,120230.4,120694.3,121543.1,122023.1,123043.2,124745.6,125168.2,125748.9,127457.1,128744.9,129853.4,131484.2,133378.3,134301.9,134456.4,135673.5,136778.9,137821.2,151525.8,141731.5,141513.0,162843.0,150557.8,151651.5
"05000","Arkansas","2","Population (midperiod, persons) 1/",2948861,2951393,2954412,2956967,2958048,2959393,2961854,2964523,2966087,2967707,2970703,2974146,2976103,2978327,2981660,2985162,2987556,2990183,2993778,2997409,2999789,3002204,3005353,3007994,3009269,3010961,3013701,3016441,3017916,3019728,3022961,3026581,3028684,3029995,3032333,3035564,3036787,3038401,3041450
"05000","Arkansas","3","Per capita personal income (dollars) 2/",35948,36510,36135,37535,36437,36570,36729,36659,37694,38488,38869,39500,39329,39670,40062,40276,40399,40647,40759,41050,41585,41692,41842,42373,42783,43127,43629,44217,44502,44526,44881,45193,45505,50009,46740,46618,53623,49552,49862
"06000","California","1","Personal income (millions of dollars, seasonally adjusted)",1786135.4,1808358.6,1808445.3,1905728.1,1817215.5,1848098.9,1867393.2,1896095.8,1923713.3,1960824.8,2003994.1,2034415.2,2084189.7,2117632.1,2138781.8,2161117.7,2188444.1,2202876.8,2229957.3,2252552.9,2276491.7,2303072.8,2330550.7,2364462.5,2383590.8,2418519.2,2451370.7,2473807.1,2510292.8,2534354.5,2547609.0,2584683.7,2622319.5,2794362.3,2848748.9,2787817.3,3069232.0,2947026.1,2968373.7
"06000","California","2","Population (midperiod, persons) 1/",37836357,37906496,37991364,38078439,38147665,38215641,38300046,38391267,38469171,38545506,38633979,38722364,38793917,38865317,38940551,39008270,39062908,39118183,39178822,39234962,39275811,39313978,39356311,39389401,39406342,39424643,39443390,39450951,39443263,39436971,39440607,39441890,39427174,39392248,39363261,39349300,39320927,39289961,39270204
"06000","California","3","Per capita personal income (dollars) 2/",47207,47706,47601,50047,47636,48360,48757,49389,50007,50870,51871,52539,53725,54486,54924,55402,56024,56313,56917,57412,57962,58582,59217,60028,60487,61345,62149,62706,63643,64263,64594,65531,66510,70937,72371,70848,78056,75007,75588
"08000","Colorado","1","Personal income (millions of dollars, seasonally adjusted)",232093.1,234958.8,234350.9,245633.6,243637.9,247909.1,251338.8,255164.9,263910.9,269442.8,273541.6,278745.3,282504.1,284908.1,285414.5,286520.6,285325.0,287204.6,290981.8,295180.4,301513.9,306425.4,311847.7,318843.6,323754.4,328930.4,335103.0,340033.8,346279.4,347920.7,352683.1,354677.2,360275.8,382610.2,368037.4,370645.1,409603.8,393676.2,399309.5
"08000","Colorado","2","Population (midperiod, persons) 1/",5167340,5184592,5204311,5224650,5242534,5260921,5281593,5302999,5322563,5342297,5366342,5392848,5416935,5441500,5466231,5489361,5510636,5532392,5553813,5573234,5590505,5607931,5628134,5648978,5667513,5686872,5705573,5721755,5735770,5750513,5765979,5780371,5792330,5802805,5814775,5828171,5838464,5849598,5863017
"08000","Colorado","3","Per capita personal income (dollars) 2/",44915,45319,45030,47014,46473,47123,47588,48117,49583,50436,50974,51688,52152,52358,52214,52196,51777,51913,52393,52964,53933,54641,55409,56443,57125,57840,58733,59428,60372,60503,61166,61359,62199,65935,63293,63595,70156,67300,68106
"09000","Connecticut","1","Personal income (millions of dollars, seasonally adjusted)",228651.8,231156.5,228599.1,236277.0,224780.3,225597.0,226493.0,227833.1,231637.3,235224.4,238584.5,241580.1,240932.5,242413.0,243587.2,245725.7,247559.2,247816.1,247771.1,247963.1,249508.8,252507.0,253950.5,256516.6,260384.5,262561.2,266950.2,267156.5,270351.9,269829.9,269448.6,271500.8,273225.2,284947.4,280433.5,279843.3,302079.5,291690.4,293153.3
"09000","Connecticut","2","Population (midperiod, persons) 1/",3593243,3594356,3596017,3596976,3596110,3595567,3596230,3596926,3596282,3595694,3595527,3594551,3591851,3589395,3587986,3586373,3583476,3580783,3579838,3579440,3577592,3575730,3575813,3576304,3575169,3574474,3574066,3572588,3569578,3566936,3565941,3565302,3562853,3559122,3555590,3552301,3548297,3544930,3542240
"09000","Connecticut","3","Per capita personal income (dollars) 2/",63634,64311,63570,65688,62507,62743,62981,63341,64410,65418,66356,67207,67078,67536,67890,68516,69084,69207,69213,69274,69742,70617,71019,71727,72831,73455,74691,74780,75738,75648,75562,76151,76687,80061,78871,78778,85134,82284,82759
"10000","Delaware","1","Personal income (millions of dollars, seasonally adjusted)",39794.7,40299.7,40098.2,41380.6,40525.3,41058.3,41205.8,41611.9,42202.7,42781.1,43327.8,43814.9,44586.8,45287.2,45273.3,45717.2,45637.7,46230.7,46708.8,47202.0,47855.7,48074.8,48922.2,49430.1,50311.7,50920.2,51760.7,52249.2,52188.1,52383.1,52624.2,52954.9,53915.5,57035.2,55273.7,55205.0,61491.8,57792.7,58574.8
"10000","Delaware","2","Population (midperiod, persons) 1/",912725,914544,916774,919131,921048,922974,925323,927790,929931,932018,934449,936917,938933,940946,943197,945356,947144,948977,951141,953362,955159,956930,959247,961731,963738,965828,968363,971005,973173,975438,978226,981245,983714,985835,988196,990851,992986,995225,997840
"10000","Delaware","3","Per capita personal income (dollars) 2/",43600,44065,43738,45021,43999,44485,44531,44851,45383,45902,46367,46765,47487,48129,48000,48360,48185,48716,49108,49511,50102,50239,51001,51397,52205,52722,53452,53809,53627,53702,53796,53967,54808,57855,55934,55715,61926,58070,58702
"11000","District of Columbia","1","Personal income (millions of dollars, seasonally adjusted)",42550.9,42954.6,42599.8,43937.0,43233.1,43619.0,43728.4,44208.8,45812.6,46483.2,47193.7,47631.5,49652.2,50278.7,50598.2,50820.0,52022.6,52522.2,52803.6,53389.4,53694.4,54090.7,54743.5,55284.3,55718.1,56199.8,57084.9,57288.7,56690.8,56965.2,57375.8,57929.5,58721.0,63402.3,62812.3,61888.9,66028.6,64515.5,64981.3
"11000","District of Columbia","2","Population (midperiod, persons) 1/",630066,633806,637854,641931,645734,649554,653127,656243,659182,662096,665403,668905,672122,675352,678423,681140,683675,686241,688837,691333,693614,695871,698034,699919,701537,703243,704730,705863,706753,707718,709015,710462,711598,712460,713198,713905,714667,715603,716510
"11000","District of Columbia","3","Per capita personal income (dollars) 2/",67534,67772,66786,68445,66952,67152,66952,67366,69499,70206,70925,71208,73874,74448,74582,74610,76093,76536,76656,77227,77413,77731,78425,78987,79423,79915,81003,81161,80213,80491,80923,81538,82520,88991,88071,86691,92391,90155,90691
"12000","Florida","1","Personal income (millions of dollars, seasonally adjusted)",788129.1,794829.0,794151.4,825097.5,792654.6,798704.7,805807.8,814735.8,834947.8,854350.9,869565.2,886785.5,904536.5,916335.4,924420.1,934047.5,935793.3,946159.6,960983.4,973342.5,996671.6,1016646.7,1031423.4,1047782.7,1066354.4,1077687.5,1095763.8,1108948.8,1127159.0,1135181.7,1142137.1,1154719.4,1170131.3,1245820.8,1220732.1,1203299.5,1364007.6,1292009.3,1299644.7
"12000","Florida","2","Population (midperiod, persons) 1/",19214245,19271676,19337994,19405817,19462774,19520194,19592780,19673396,19745612,19816711,19904457,20001458,20087543,20173782,20273956,20380613,20478422,20576186,20675162,20768199,20851277,20933143,21016217,21091090,21154693,21219783,21288844,21353329,21407110,21462029,21529361,21600635,21659884,21710061,21761157,21814197,21863957,21916767,21973418
"12000","Florida","3","Per capita personal income (dollars) 2/",41018,41243,41067,42518,40727,40917,41128,41413,42285,43113,43687,44336,45030,45422,45596,45830,45697,45983,46480,46867,47799,48566,49077,49679,50407,50787,51471,51933,52653,52893,53050,53458,54023,57384,56097,55161,62386,58951,59146
"13000","Georgia","1","Personal income (millions of dollars, seasonally adjusted)",367238.4,369428.7,368727.4,380432.6,372655.3,376518.0,377984.3,381651.3,392278.1,399723.3,406331.1,412831.2,420780.9,425630.3,430118.4,433220.1,439144.5,440652.4,445079.2,451218.6,461151.3,465844.8,470641.3,479315.9,484369.6,489862.2,497724.8,500742.9,511547.8,516600.9,520118.6,524844.6,529359.8,578984.7,562327.5,547593.9,625758.6,585078.4,586173.4
"13000","Georgia","2","Population (midperiod, persons) 1/",9867600,9891089,9914324,9934335,9950131,9966307,9988531,10014254,10036885,10059248,10086928,10117037,10143010,10169310,10200225,10232929,10262460,10292468,10323352,10352363,10377840,10403070,10431211,10458594,10481854,10506199,10534305,10563140,10588013,10613934,10640989,10665810,10685821,10702475,10720826,10741218,10757490,10775320,10796290
"13000","Georgia","3","Per capita personal income (dollars) 2/",37217,37350,37191,38295,37452,37779,37842,38111,39084,39737,40283,40806,41485,41854,42168,42336,42791,42813,43114,43586,44436,44780,45119,45830,46210,46626,47248,47405,48314,48672,48879,49208,49539,54098,52452,50981,58170,54298,54294
"15000","Hawaii *","1","Personal income (millions of dollars, seasonally adjusted)",60817.6,61537.3,61333.5,62539.8,61799.5,62200.0,62699.2,63386.3,64590.2,65691.5,66591.6,67273.4,68137.9,68846.9,69365.8,70085.6,70737.9,71280.0,71845.4,72423.3,73670.8,74209.9,74869.6,75076.5,75385.3,76021.3,76491.6,76837.5,77642.6,78149.6,78945.0,79327.3,79522.5,88054.7,81759.8,80772.3,90455.0,85362.6,85926.4
"15000","Hawaii *","2","Population (midperiod, persons) 1/",1389600,1393288,1397207,1401075,1404282,1407202,1409708,1411653,1413153,1414508,1416537,1418802,1420500,1422085,1423877,1425496,1426795,1428107,1428668,1428230,1427283,1426138,1425613,1425263,1424382,1423427,1422350,1420781,1418688,1416525,1414992,1413642,1411684,1408762,1405965,1403784,1401274,1398512,1396062
"15000","Hawaii *","3","Per capita personal income (dollars) 2/",43766,44167,43897,44637,44008,44201,44477,44902,45706,46441,47010,47416,47968,48413,48716,49166,49578,49912,50288,50708,51616,52036,52517,52676,52925,53407,53778,54081,54728,55170,55792,56116,56332,62505,58152,57539,64552,61038,61549
"16000","Idaho","1","Personal income (millions of dollars, seasonally adjusted)",54946.1,55683.9,55914.4,58163.8,57248.3,58319.5,58845.7,59201.4,60010.8,61416.0,62253.6,63525.1,64984.2,65103.4,65820.7,65994.3,66885.7,67727.3,68491.6,68932.8,70159.7,71666.6,72568.4,73871.0,75275.3,76100.5,76934.0,78412.7,80323.8,81299.7,82365.7,83347.2,85208.0,92679.3,88187.4,90236.1,102647.3,94917.6,95757.9
"16000","Idaho","2","Population (midperiod, persons) 1/",1591693,1594423,1598225,1602602,1606165,1609951,1614746,1620112,1624860,1629696,1635093,1640511,1645127,1649906,1656661,1664809,1672326,1679997,1688742,1698025,1706569,1715192,1724035,1732413,1740036,1747931,1756936,1766476,1775302,1784341,1794201,1804300,1813615,1822513,1831954,1841857,1850797,1860060,1870123
"16000","Idaho","3","Per capita personal income (dollars) 2/",34521,34924,34985,36293,35643,36224,36443,36542,36933,37686,38073,38723,39501,39459,39731,39641,39996,40314,40558,40596,41112,41783,42092,42641,43261,43537,43789,44389,45245,45563,45907,46194,46982,50852,48138,48992,55461,51029,51204
"17000","Illinois","1","Personal income (millions of dollars, seasonally adjusted)",586856.4,593256.9,590479.6,609701.3,602941.2,608912.5,611306.8,615953.8,626125.4,634994.1,642134.8,651305.6,659092.3,664853.0,670776.5,673052.9,670483.9,671377.4,672998.2,679904.4,682442.8,689700.4,696642.7,704537.9,717004.9,725650.0,731620.4,739189.4,744627.7,745028.9,750354.2,755235.7,761809.6,816601.9,799112.4,791017.8,883844.9,836600.9,845191.7
"17000","Illinois","2","Population (midperiod, persons) 1/",12879154,12881041,12887208,12893225,12893027,12893754,12895991,12895776,12891026,12886369,12884398,12880835,12871318,12862636,12856676,12849190,12837195,12826006,12818447,12810571,12797623,12784650,12774957,12763531,12746490,12731033,12719357,12707131,12689730,12673674,12660557,12646093,12625670,12600937,12578779,12559673,12534991,12511672,12492593
"17000","Illinois","3","Per capita personal income (dollars) 2/",45566,46057,45819,47289,46765,47225,47403,47764,48571,49276,49838,50564,51206,51689,52173,52381,52230,52345,52502,53074,53326,53948,54532,55199,56251,56999,57520,58171,58680,58786,59267,59721,60338,64805,63529,62981,70510,66866,67655
"18000","Indiana","1","Personal income (millions of dollars, seasonally adjusted)",253645.1,257312.0,257944.8,263643.9,261592.5,261639.5,261788.6,261788.6,266255.6,271092.3,274213.8,277418.1,279180.7,282298.8,283665.4,286140.5,286977.8,289386.5,291754.9,294298.3,296766.6,300104.1,302814.8,306889.9,312646.3,314938.5,317772.3,321771.9,326567.2,328108.8,330575.6,333476.3,337771.7,362302.1,350684.6,352279.6,401545.0,372444.1,376521.7
"18000","Indiana","2","Population (midperiod, persons) 1/",6531515,6536155,6544158,6553369,6559406,6566264,6574413,6581934,6587163,6592696,6599132,6604327,6606465,6609317,6615573,6623116,6628367,6634233,6641828,6649053,6653723,6658655,6667512,6677709,6685010,6693482,6703408,6712551,6719081,6726545,6735602,6744123,6749563,6753337,6758180,6763974,6767021,6771473,6777901
"18000","Indiana","3","Per capita personal income (dollars) 2/",38834,39367,39416,40230,39881,39846,39819,39774,40420,41120,41553,42006,42259,42712,42878,43203,43295,43620,43927,44262,44602,45070,45416,45957,46768,47052,47405,47936,48603,48778,49079,49447,50043,53648,51890,52082,59339,55002,55551
"19000","Iowa","1","Personal income (millions of dollars, seasonally adjusted)",130368.0,132374.6,131265.1,134628.0,134087.6,134803.6,135381.5,134758.6,136201.9,139589.8,140519.9,141813.6,143255.7,143797.6,145352.1,145945.2,145273.4,145230.1,146329.2,146327.4,148515.9,149175.4,149229.2,151269.8,153227.2,154829.6,156183.4,160048.4,158528.8,157750.5,160869.3,161509.6,162090.1,177609.2,166848.6,170178.7,190195.4,180113.0,179749.4
"19000","Iowa","2","Population (midperiod, persons) 1/",3073385,3075503,3079620,3084580,3087847,3091607,3096387,3101156,3104697,3108471,3112759,3116417,3118474,3120932,3124306,3127451,3129403,3131686,3135011,3138252,3140123,3142214,3144971,3147082,3147677,3148894,3151570,3154519,3156137,3158196,3160900,3163175,3163869,3163732,3164061,3164703,3164178,3164353,3165418
"19000","Iowa","3","Per capita personal income (dollars) 2/",42418,43042,42624,43645,43424,43603,43722,43454,43870,44906,45143,45505,45938,46075,46523,46666,46422,46374,46676,46627,47296,47475,47450,48067,48679,49170,49557,50736,50229,49950,50894,51059,51232,56139,52732,53774,60109,56919,56785
"20000","Kansas","1","Personal income (millions of dollars, seasonally adjusted)",130598.0,130849.0,128792.9,133552.6,131477.6,134218.1,134547.8,135676.1,133848.8,136288.8,138148.3,139229.0,138261.5,138430.6,138497.0,138157.9,136942.1,138089.6,139189.3,139914.5,141221.9,141965.6,142834.8,144896.5,146477.7,148143.7,149669.7,151531.9,153511.2,153595.7,155639.4,157097.7,157837.6,170490.9,160906.2,164614.0,180596.3,171373.5,172046.0
"20000","Kansas","2","Population (midperiod, persons) 1/",2880229,2883930,2887660,2890368,2891588,2893130,2895601,2898040,2899384,2900858,2903551,2906374,2907801,2909519,2911417,2912401,2912336,2912542,2913167,2913212,2912049,2910992,2911550,2912530,2912179,2912328,2913161,2913608,2912859,2912498,2913537,2914991,2915050,2914318,2914230,2914698,2913752,2913307,2913897
"20000","Kansas","3","Per capita personal income (dollars) 2/",45343,45372,44601,46206,45469,46392,46466,46816,46165,46982,47579,47905,47548,47579,47570,47438,47021,47412,47779,48028,48496,48769,49058,49749,50298,50868,51377,52008,52701,52737,53419,53893,54146,58501,55214,56477,61981,58824,59043
"21000","Kentucky","1","Personal income (millions of dollars, seasonally adjusted)",156182.9,157636.8,156937.5,159785.6,158768.9,158918.4,159450.8,159761.0,163272.5,165988.5,167673.8,169933.5,171931.3,173926.2,175000.7,176466.6,175131.5,176348.0,178443.1,178839.9,180634.9,181571.4,182872.4,184825.2,185819.1,187949.8,188990.0,190689.2,194026.0,195253.5,196822.4,198900.3,200790.3,226911.5,209931.8,210156.9,241105.5,221240.9,224844.4
"21000","Kentucky","2","Population (midperiod, persons) 1/",4381853,4385631,4391029,4396652,4400168,4404266,4408605,4411917,4413643,4415628,4419292,4423220,4425087,4427452,4431047,4434434,4436313,4438644,4442811,4447424,4450287,4453398,4457230,4460101,4461055,4462862,4465841,4468522,4469484,4471071,4473966,4476796,4477580,4477422,4478653,4480945,4480430,4480714,4482989
"21000","Kentucky","3","Per capita personal income (dollars) 2/",35643,35944,35740,36343,36082,36083,36168,36211,36993,37591,37941,38418,38854,39284,39494,39795,39477,39730,40164,40212,40590,40771,41028,41440,41654,42114,42319,42674,43411,43670,43993,44429,44843,50679,46874,46900,53813,49376,50155
"22000","Louisiana","1","Personal income (millions of dollars, seasonally adjusted)",185299.2,188782.5,187982.7,192978.7,190285.7,191316.2,191779.8,192607.4,196440.1,199669.9,201776.3,203289.4,200883.5,200698.2,201534.8,202337.4,198238.6,199360.2,200412.0,202751.7,204343.8,204951.2,207049.1,208468.6,211951.8,214571.7,216132.8,217790.0,220886.9,221085.0,222179.4,224087.4,225340.1,251982.9,239108.6,228877.1,262916.4,246198.1,248689.1
"22000","Louisiana","2","Population (midperiod, persons) 1/",4593160,4598869,4605928,4612909,4617805,4622899,4629052,4634936,4639264,4643471,4649423,4655719,4659957,4664354,4669408,4673707,4676445,4679405,4681044,4680025,4677271,4674446,4673196,4671747,4668290,4665401,4664325,4663547,4660942,4658811,4657862,4656516,4652911,4648004,4644149,4641229,4636038,4631606,4628844
"22000","Louisiana","3","Per capita personal income (dollars) 2/",40342,41050,40813,41834,41207,41384,41430,41556,42343,43000,43398,43664,43108,43028,43161,43293,42391,42604,42814,43323,43689,43845,44306,44623,45402,45992,46337,46701,47391,47455,47700,48123,48430,54213,51486,49314,56711,53156,53726
"23000","Maine","1","Personal income (millions of dollars, seasonally adjusted)",53407.0,53948.3,53523.8,54250.8,53378.2,53582.1,53781.6,54226.1,54579.0,55527.4,56165.7,57182.2,57249.1,58124.2,58662.6,59289.3,59344.5,59861.0,60013.2,60618.3,61526.5,61935.9,62801.0,63451.4,64298.5,64917.7,65513.5,65757.0,67225.7,67567.9,67971.4,68656.8,69747.7,78020.5,71934.3,73068.6,82198.8,76557.6,76724.8
"23000","Maine","2","Population (midperiod, persons) 1/",1328359,1328110,1328397,1328801,1328488,1328400,1329027,1329971,1330382,1330864,1331210,1330994,1330061,1329317,1329687,1330736,1331224,1331874,1332988,1334119,1334623,1335228,1336507,1337854,1338524,1339483,1341043,1342703,1343738,1344997,1346669,1348324,1349254,1349857,1350792,1351930,1352370,1353109,1354360
"23000","Maine","3","Per capita personal income (dollars) 2/",40205,40620,40292,40827,40180,40336,40467,40772,41025,41723,42191,42962,43042,43725,44118,44554,44579,44945,45022,45437,46100,46386,46989,47428,48037,48465,48853,48974,50029,50236,50474,50920,51694,57799,53253,54048,60781,56579,56650
"24000","Maryland","1","Personal income (millions of dollars, seasonally adjusted)",310181.5,310706.6,311223.0,316591.9,310255.1,311095.4,311284.3,313461.3,316118.0,320928.3,325097.1,327609.3,334030.7,336428.3,338842.0,341510.1,345566.9,348711.9,351677.3,355581.4,356571.5,359708.1,362951.3,367876.0,367616.9,370677.0,374416.2,376077.2,377946.6,380467.2,381787.6,385385.3,390540.0,416733.5,409331.8,401477.7,446579.0,417297.3,421149.9
"24000","Maryland","2","Population (midperiod, persons) 1/",5871359,5882389,5894118,5904654,5912502,5920461,5930243,5940158,5948079,5955756,5964752,5973230,5979067,5985008,5991674,5997257,6000820,6004556,6010565,6017109,6021379,6025384,6030866,6035544,6037635,6040226,6044641,6048960,6050804,6053126,6056800,6059768,6059754,6057454,6055661,6054671,6052133,6050432,6050050
"24000","Maryland","3","Per capita personal income (dollars) 2/",52830,52820,52802,53617,52474,52546,52491,52770,53146,53885,54503,54846,55867,56212,56552,56944,57587,58075,58510,59095,59218,59699,60182,60952,60888,61368,61942,62172,62462,62855,63035,63597,64448,68797,67595,66309,73789,68970,69611
"25000","Massachusetts","1","Personal income (millions of dollars, seasonally adjusted)",372614.1,377892.9,376310.8,390253.5,378068.4,381841.1,383785.4,386749.4,391462.7,396910.8,405208.4,413748.1,420820.4,426861.0,429840.8,435393.5,436682.8,441680.9,448402.9,449969.9,455126.4,460557.4,467050.3,471665.6,479649.7,483565.5,489022.9,492577.5,504701.1,505549.0,506612.1,509594.6,517130.6,563989.1,540569.6,541731.7,587747.0,569068.7,571732.8
"25000","Massachusetts","2","Population (midperiod, persons) 1/",6646131,6657817,6671897,6685993,6696783,6708392,6722067,6735647,6746877,6758464,6770207,6779761,6786139,6793201,6802056,6810418,6816435,6823166,6832777,6843086,6850730,6858619,6867279,6873930,6877647,6882484,6887800,6891196,6891845,6893345,6896588,6899233,6898624,6895616,6891926,6887991,6884020,6881699,6879618
"25000","Massachusetts","3","Per capita personal income (dollars) 2/",56065,56759,56402,58369,56455,56920,57093,57418,58021,58728,59852,61027,62012,62837,63193,63931,64063,64733,65625,65755,66435,67150,68011,68617,69740,70260,70998,71479,73232,73339,73458,73862,74961,81790,78435,78649,85378,82693,83105
"26000","Michigan","1","Personal income (millions of dollars, seasonally adjusted)",384536.1,386851.3,387053.9,399735.3,389620.6,393010.7,394933.5,396742.2,401806.1,408879.7,413954.5,419439.0,427217.9,431767.0,435755.1,440014.4,442050.1,444893.6,446667.9,450509.3,454610.2,456875.3,459104.7,464436.7,471703.3,475165.2,478496.3,480542.5,487481.4,491845.6,492748.3,496013.5,498900.1,571734.4,534118.5,518481.2,590799.7,551964.2,549461.0
"26000","Michigan","2","Population (midperiod, persons) 1/",9893885,9896307,9902300,9908585,9909949,9912295,9918157,9924425,9927023,9929819,9934281,9937106,9935167,9934009,9938297,9944729,9947609,9951225,9958446,9966070,9969659,9973430,9979551,9983993,9983922,9985383,9988441,9989553,9986456,9984599,9985152,9984721,9979328,9971093,9965997,9963565,9955104,9947871,9945104
"26000","Michigan","3","Per capita personal income (dollars) 2/",38866,39090,39087,40342,39316,39649,39819,39976,40476,41177,41669,42209,43001,43464,43846,44246,44438,44707,44853,45204,45599,45809,46005,46518,47246,47586,47905,48105,48814,49260,49348,49677,49993,57339,53594,52038,59346,55486,55249
"27000","Minnesota","1","Personal income (millions of dollars, seasonally adjusted)",252473.4,255876.9,255950.5,264356.1,256546.9,258650.7,261442.8,262486.7,266226.1,271663.1,276456.2,279606.5,284170.3,285009.9,287195.5,289316.0,289067.6,289934.7,293877.3,296060.0,301717.4,302923.3,304026.1,309213.4,313321.1,317923.8,321346.2,325885.3,326360.8,327668.3,331025.5,333041.1,337428.2,369696.2,347531.0,348483.4,387039.0,370357.5,371814.2
"27000","Minnesota","2","Population (midperiod, persons) 1/",5366303,5373443,5383167,5393572,5401263,5409712,5420021,5430449,5438894,5447733,5457609,5466555,5472870,5479868,5489869,5500941,5510055,5519819,5531643,5543647,5553384,5563431,5575006,5585812,5594097,5603418,5613428,5622130,5628507,5635773,5643632,5650200,5654054,5656419,5659622,5663552,5665311,5668240,5672766
"27000","Minnesota","3","Per capita personal income (dollars) 2/",47048,47619,47546,49013,47498,47812,48236,48336,48949,49867,50655,51149,51923,52010,52314,52594,52462,52526,53127,53405,54330,54449,54534,55357,56009,56737,57246,57965,57984,58141,58655,58943,59679,65359,61405,61531,68317,65339,65544
"28000","Mississippi","1","Personal income (millions of dollars, seasonally adjusted)",99699.7,100586.5,99791.2,101431.4,101395.8,101780.1,103602.4,102491.2,102973.4,104330.6,104513.1,105204.8,105114.5,106011.9,106528.6,106601.0,107150.7,107174.5,107414.8,108257.8,109451.3,109496.0,110345.0,111136.7,111474.2,112538.6,113002.3,114257.2,115364.3,115450.6,116767.2,117761.2,118876.9,134069.1,124763.4,122243.3,143908.0,130056.4,129825.7
"28000","Mississippi","2","Population (midperiod, persons) 1/",2983108,2983972,2985804,2987768,2988374,2989108,2990433,2991539,2991690,2991687,2992236,2992483,2991440,2990457,2990675,2991236,2990810,2990467,2991011,2991611,2991138,2990562,2990161,2988759,2986095,2983740,2982709,2982061,2980225,2978685,2977608,2975983,2972908,2968921,2966316,2964929,2961129,2957449,2955544
"28000","Mississippi","3","Per capita personal income (dollars) 2/",33421,33709,33422,33949,33930,34050,34645,34260,34420,34874,34928,35156,35138,35450,35620,35638,35827,35839,35913,36187,36592,36614,36903,37185,37331,37717,37886,38315,38710,38759,39215,39571,39987,45158,42060,41230,48599,43976,43926
"29000","Missouri","1","Personal income (millions of dollars, seasonally adjusted)",239408.2,242348.7,241283.1,248885.5,243821.6,244912.2,245632.9,246433.1,248717.6,252947.0,256406.2,259199.0,260605.1,262310.8,264408.4,265761.4,268639.3,269508.6,270978.1,273288.2,274351.6,275956.8,277874.1,281473.2,283917.3,288926.5,290574.1,294397.9,298120.7,298703.5,301496.2,303863.5,306862.5,334622.5,314342.5,316248.8,358461.9,333748.5,333376.4
"29000","Missouri","2","Population (midperiod, persons) 1/",6021147,6024079,6029316,6034836,6037310,6040524,6045688,6050882,6053838,6057011,6062333,6067744,6070169,6073215,6078242,6083151,6085839,6089088,6094784,6100999,6104649,6108543,6114105,6118836,6120789,6123756,6128672,6133328,6135402,6138321,6143396,6148622,6150802,6151427,6154104,6158432,6158796,6160030,6164142
"29000","Missouri","3","Per capita personal income (dollars) 2/",39761,40230,40018,41241,40386,40545,40629,40727,41084,41761,42295,42718,42932,43191,43501,43688,44142,44261,44461,44794,44941,45176,45448,46001,46386,47181,47412,48000,48590,48662,49076,49420,49890,54398,51079,51352,58203,54180,54083
"30000","Montana","1","Personal income (millions of dollars, seasonally adjusted)",40379.8,40665.7,40655.3,41978.1,40921.8,41270.8,41437.8,41659.5,42478.0,43433.9,43908.6,44402.5,45303.9,45443.0,45658.9,45408.3,45471.9,45661.4,46151.0,47012.3,47954.8,48720.0,48964.4,49458.9,50261.2,50744.0,51056.7,51895.9,52904.6,53110.1,53887.9,54547.6,54541.7,61337.9,56754.8,58006.2,65459.3,61721.7,61973.3
"30000","Montana","2","Population (midperiod, persons) 1/",1001789,1003326,1005616,1008349,1010541,1012857,1015354,1017692,1019613,1021587,1023981,1026438,1028347,1030364,1032977,1035798,1038226,1040748,1043767,1046921,1049610,1052338,1055017,1057209,1058877,1060750,1063027,1065295,1067097,1069029,1071696,1074735,1077213,1079466,1082001,1084745,1086888,1089268,1092077
"30000","Montana","3","Per capita personal income (dollars) 2/",40308,40531,40428,41631,40495,40747,40811,40935,41661,42516,42880,43259,44055,44104,44201,43839,43798,43874,44216,44905,45688,46297,46411,46783,47467,47838,48030,48715,49578,49681,50283,50755,50632,56822,52454,53475,60226,56663,56748
"31000","Nebraska","1","Personal income (millions of dollars, seasonally adjusted)",85966.6,87009.1,85664.4,88376.9,87496.6,87591.5,87583.1,86923.6,90095.3,92639.9,92865.2,94495.8,95539.8,96271.7,96909.1,96408.0,94930.6,94651.7,94724.4,95045.4,95267.1,96583.9,97329.7,99267.4,99501.0,100195.1,101103.3,104017.3,103306.4,103017.7,105090.2,106306.4,107252.6,115856.0,109348.9,113722.5,125501.3,121057.7,121282.6
"31000","Nebraska","2","Population (midperiod, persons) 1/",1849093,1852046,1855590,1859011,1861479,1864178,1867790,1871667,1874850,1878137,1881827,1885254,1887776,1890491,1894119,1898007,1901182,1904576,1908078,1911079,1913278,1915573,1918327,1920816,1922397,1924336,1926651,1928729,1930032,1931587,1933665,1935663,1936742,1937348,1938407,1939875,1940334,1941133,1942645
"31000","Nebraska","3","Per capita personal income (dollars) 2/",46491,46980,46166,47540,47004,46987,46891,46442,48055,49325,49348,50124,50610,50924,51163,50794,49932,49697,49644,49734,49793,50420,50737,51680,51759,52067,52476,53930,53526,53333,54348,54920,55378,59801,56412,58624,64680,62364,62432
"32000","Nevada","1","Personal income (millions of dollars, seasonally adjusted)",107915.9,108874.9,108201.8,112397.0,108448.7,109294.1,110246.0,111493.3,113685.9,116214.1,118344.0,121244.9,124839.9,126882.5,127509.7,129235.8,129034.9,130644.8,134739.9,133813.8,137728.4,139728.0,141977.1,142633.3,146972.7,148204.1,150557.2,153422.8,156710.6,158112.9,159448.4,161423.7,164957.5,175735.0,167946.4,165710.1,189134.2,178824.1,179436.4
"32000","Nevada","2","Population (midperiod, persons) 1/",2733323,2740745,2749278,2758018,2765446,2772897,2782571,2793671,2803736,2813719,2825704,2838765,2850546,2862368,2875344,2888601,2900823,2913130,2926594,2940411,2953017,2965491,2979910,2995204,3009173,3023352,3038705,3054305,3068652,3083172,3097568,3110786,3122643,3133273,3144432,3156432,3167315,3178410,3190463
"32000","Nevada","3","Per capita personal income (dollars) 2/",39482,39725,39356,40753,39216,39415,39620,39909,40548,41303,41881,42710,43795,44328,44346,44740,44482,44847,46040,45509,46640,47118,47645,47621,48842,49020,49547,50232,51068,51283,51475,51892,52826,56087,53411,52499,59714,56262,56242
"33000","New Hampshire","1","Personal income (millions of dollars, seasonally adjusted)",66733.6,67368.5,67436.2,69882.6,67024.3,67597.7,67845.8,68347.0,68815.9,70260.5,70643.4,72285.1,71950.2,73268.4,73572.3,75107.3,74909.1,75848.9,76739.1,76872.2,78034.1,78643.1,80231.5,80653.8,82283.8,82737.2,83713.0,83910.2,86540.0,86621.1,86811.3,87217.9,88831.3,94577.5,90828.1,92455.4,100593.4,98883.1,98034.8
"33000","New Hampshire","2","Population (midperiod, persons) 1/",1323196,1324114,1325232,1326141,1326389,1326867,1328276,1330249,1331754,1333340,1334897,1335970,1336417,1337025,1338430,1340154,1341420,1342834,1344721,1346634,1348016,1349470,1351167,1352552,1353331,1354375,1355961,1357615,1358702,1359995,1361811,1363723,1364948,1365849,1366952,1368179,1368893,1369930,1371355
"33000","New Hampshire","3","Per capita personal income (dollars) 2/",50434,50878,50886,52696,50531,50945,51078,51379,51673,52695,52920,54107,53838,54800,54969,56044,55843,56484,57067,57085,57888,58277,59379,59631,60801,61089,61737,61807,63693,63692,63747,63956,65080,69244,66446,67576,73485,72181,71488
"34000","New Jersey","1","Personal income (millions of dollars, seasonally adjusted)",482710.3,484616.7,485208.2,497575.4,487609.8,491490.4,492748.0,498104.7,506778.8,512327.1,518437.2,524517.2,531750.3,535482.5,539928.8,541261.9,547848.7,549160.0,553402.1,557794.8,562856.1,569804.6,575533.0,581736.0,588936.5,594021.5,600657.2,604405.0,614159.4,617871.7,620427.1,623804.9,633312.1,666296.8,656932.5,653454.2,713107.7,681614.8,688956.7
"34000","New Jersey","2","Population (midperiod, persons) 1/",8840690,8843519,8849071,8854252,8855019,8856121,8860153,8864331,8865269,8866121,8869488,8872312,8870946,8869932,8872056,8874358,8873478,8872947,8876874,8882461,8884393,8886104,8890054,8892771,8891455,8890988,8893075,8894619,8892434,8890986,8892789,8894656,8892331,8886338,8880858,8876834,8870833,8865730,8862327
"34000","New Jersey","3","Per capita personal income (dollars) 2/",54601,54799,54832,56196,55066,55497,55614,56192,57165,57785,58452,59118,59943,60371,60857,60992,61740,61891,62342,62797,63353,64123,64739,65417,66236,66812,67542,67952,69065,69494,69767,70133,71220,74980,73972,73613,80388,76882,77740
"35000","New Mexico","1","Personal income (millions of dollars, seasonally adjusted)",74218.8,75000.7,74287.9,75394.0,73208.5,73466.6,73521.8,74050.2,75878.7,77407.2,78659.8,79954.6,79400.5,79854.1,79847.1,80355.5,80735.5,81479.1,81626.6,81815.2,82115.3,82406.3,83065.2,83853.0,85113.4,85939.8,87132.8,87941.6,89214.4,89899.7,91117.2,91925.4,93388.9,102972.7,98167.3,95885.0,110656.4,101549.4,102375.9
"35000","New Mexico","2","Population (midperiod, persons) 1/",2085618,2086893,2088861,2090696,2091472,2092214,2092855,2092754,2091759,2090634,2090711,2091237,2090710,2090156,2090755,2091836,2092068,2092265,2092994,2093641,2093326,2092815,2093351,2094127,2093874,2093660,2094895,2096873,2097857,2098910,2101089,2103714,2105359,2106155,2107303,2109032,2109925,2110930,2112571
"35000","New Mexico","3","Per capita personal income (dollars) 2/",35586,35939,35564,36062,35003,35114,35130,35384,36275,37026,37623,38233,37978,38205,38191,38414,38591,38943,39000,39078,39227,39376,39680,40042,40649,41048,41593,41939,42526,42832,43367,43697,44358,48891,46584,45464,52446,48106,48460
"36000","New York","1","Personal income (millions of dollars, seasonally adjusted)",1027687.4,1043921.4,1041263.1,1083760.9,1047410.0,1060933.2,1066428.8,1073769.7,1084611.5,1095437.4,1113591.3,1129991.1,1136530.9,1153767.5,1164710.0,1163883.0,1184243.9,1187723.4,1194432.9,1211738.3,1247405.2,1263338.0,1276561.6,1304307.0,1299903.9,1313329.3,1324599.5,1327926.8,1346981.4,1361620.4,1363740.6,1373548.3,1383664.6,1496266.9,1468978.1,1411288.3,1575202.6,1495985.7,1500641.7
"36000","New York","2","Population (midperiod, persons) 1/",19549806,19565103,19584992,19602725,19610887,19619596,19632273,19642985,19646738,19650158,19657917,19663546,19659924,19656936,19657547,19655520,19646609,19638552,19634234,19627857,19613579,19598703,19590730,19582207,19565020,19549683,19536983,19520436,19495816,19472633,19453075,19430593,19398857,19358910,19320970,19287180,19247975,19210236,19177076
"36000","New York","3","Per capita personal income (dollars) 2/",52568,53356,53166,55286,53410,54075,54320,54664,55206,55747,56648,57466,57810,58695,59250,59214,60277,60479,60834,61736,63599,64460,65162,66607,66440,67179,67800,68028,69091,69925,70104,70690,71327,77291,76030,73172,81837,77874,78252
"37000","North Carolina","1","Personal income (millions of dollars, seasonally adjusted)",374275.6,379253.6,379824.7,387288.3,374430.5,375059.2,376443.3,379636.6,389203.3,395281.1,401312.0,406601.7,413672.9,417434.5,421721.7,424508.0,428373.2,429746.0,433271.4,439114.2,445910.5,450546.4,454744.4,461189.5,466264.4,472576.8,477717.4,485374.7,494553.0,498483.2,501559.9,507391.3,514526.8,555556.5,532470.8,530523.2,607087.6,563818.1,571105.1
"37000","North Carolina","2","Population (midperiod, persons) 1/",9718496,9740207,9765593,9791437,9812681,9834542,9859203,9883809,9904934,9925984,9951699,9978858,10001505,10024663,10054163,10086858,10116084,10145873,10177534,10208036,10234611,10261116,10291739,10322525,10348855,10376447,10406637,10435974,10461063,10487194,10516638,10545919,10570086,10590996,10614498,10640407,10661149,10683292,10709469
"37000","North Carolina","3","Per capita personal income (dollars) 2/",38512,38937,38894,39554,38158,38137,38182,38410,39294,39823,40326,40746,41361,41641,41945,42085,42346,42357,42571,43017,43569,43908,44185,44678,45055,45543,45905,46510,47276,47533,47692,48113,48678,52456,50164,49859,56944,52776,53327
"38000","North Dakota","1","Personal income (millions of dollars, seasonally adjusted)",37911.5,39309.7,40009.8,41953.9,39037.6,39871.3,40435.5,40389.8,41621.2,42944.2,43124.8,43588.3,41951.4,41102.5,40831.0,40830.8,39680.9,39585.0,39938.5,39858.9,39897.4,40311.5,40115.0,40539.3,41759.9,42379.4,43006.0,44142.1,44150.7,43743.5,44831.6,44955.1,45649.5,49507.5,45942.8,47257.5,52063.7,50886.8,50306.2
"38000","North Dakota","2","Population (midperiod, persons) 1/",696024,700126,704985,710370,715367,720484,725161,729201,732949,736761,740967,745337,749305,753412,755706,755934,755898,755984,756286,756584,756575,756612,757257,758202,758810,759588,760614,761645,762365,763218,764091,764762,765074,765243,765601,766086,766155,766400,766936
"38000","North Dakota","3","Per capita personal income (dollars) 2/",54469,56147,56753,59059,54570,55340,55761,55389,56786,58288,58201,58481,55987,54555,54030,54014,52495,52362,52809,52683,52734,53279,52974,53468,55033,55793,56541,57956,57913,57315,58673,58783,59667,64695,60009,61687,67955,66397,65594
"39000","Ohio","1","Personal income (millions of dollars, seasonally adjusted)",464392.9,470769.4,469607.4,482045.7,474300.1,478700.9,480405.8,482948.1,488978.4,495656.8,502440.6,508502.4,512381.8,517362.5,520598.5,524964.2,524637.2,527166.0,529548.2,534927.2,541772.0,545246.7,550235.1,555837.0,561017.4,566352.4,573131.0,578563.7,582932.1,584838.9,587992.2,592946.1,600175.9,658096.2,629265.7,621387.7,705959.6,651043.6,652615.0
"39000","Ohio","2","Population (midperiod, persons) 1/",11550380,11550166,11556832,11566474,11570308,11575504,11584421,11593358,11598029,11603082,11610840,11617341,11618180,11620099,11626164,11632370,11634348,11637301,11645055,11653718,11657633,11661903,11669380,11675271,11675820,11678292,11684566,11690443,11691442,11693962,11699118,11703018,11701100,11696135,11694445,11695351,11689678,11685870,11686901
"39000","Ohio","3","Per capita personal income (dollars) 2/",40206,40759,40635,41676,40993,41355,41470,41657,42160,42718,43273,43771,44102,44523,44778,45130,45094,45300,45474,45902,46474,46755,47152,47608,48050,48496,49050,49490,49860,50012,50260,50666,51292,56266,53809,53131,60392,55712,55842
"40000","Oklahoma","1","Personal income (millions of dollars, seasonally adjusted)",158498.4,160399.3,159915.6,165700.2,166557.0,169090.0,170278.7,171604.8,177006.5,180012.6,182222.0,182634.8,176899.1,174996.5,175184.9,173455.4,166583.7,166137.5,166383.4,167086.3,170553.9,173500.2,175305.0,177602.1,179764.7,181091.9,183473.7,185966.9,191040.8,189975.4,191474.1,192976.9,192515.1,210266.9,195300.5,196125.9,222095.7,206983.0,207572.6
"40000","Oklahoma","2","Population (midperiod, persons) 1/",3808393,3815481,3824416,3833906,3841525,3849433,3857504,3864639,3870317,3876019,3883917,3892625,3899463,3906578,3913267,3918222,3921829,3925770,3929424,3931600,3932169,3932735,3935432,3938663,3940094,3942051,3946256,3951247,3954579,3958359,3964191,3970762,3975430,3979102,3983811,3989339,3992739,3996822,4002480
"40000","Oklahoma","3","Per capita personal income (dollars) 2/",41618,42039,41814,43220,43357,43926,44142,44404,45734,46443,46917,46918,45365,44795,44767,44269,42476,42320,42343,42498,43374,44117,44545,45092,45624,45938,46493,47065,48309,47993,48301,48599,48426,52843,49024,49162,55625,51787,51861
"41000","Oregon","1","Personal income (millions of dollars, seasonally adjusted)",151746.2,153113.3,153043.1,156289.2,153959.7,155553.8,156891.3,158115.3,161893.8,165692.2,168960.0,171763.3,176478.2,178307.4,181298.1,182317.1,186134.7,187234.4,188652.2,191112.0,194371.0,198035.8,200069.8,203506.2,207089.1,209771.7,213435.9,215361.6,218140.0,219613.8,221691.9,225299.6,228679.0,247174.9,239288.7,240245.7,268161.4,251174.2,253901.8
"41000","Oregon","2","Population (midperiod, persons) 1/",3890278,3896594,3903942,3910830,3915672,3920937,3929794,3940928,3950501,3960240,3972929,3987115,3999262,4011823,4028494,4047812,4065586,4083746,4100691,4115056,4127641,4140343,4152472,4162321,4170207,4178762,4188272,4197169,4204233,4211836,4220433,4228523,4234519,4239315,4245292,4252262,4256922,4262164,4269161
"41000","Oregon","3","Per capita personal income (dollars) 2/",39007,39294,39202,39963,39319,39673,39924,40121,40981,41839,42528,43080,44128,44445,45004,45041,45783,45849,46005,46442,47090,47831,48181,48892,49659,50199,50960,51311,51886,52142,52528,53281,54004,58305,56366,56498,62994,58931,59473
"42000","Pennsylvania","1","Personal income (millions of dollars, seasonally adjusted)",579966.2,584913.1,586267.9,599516.7,587324.8,593783.8,594934.5,598685.3,606916.5,615423.8,623265.9,630711.3,637201.3,640972.9,646320.7,651457.4,654061.9,657641.8,665197.8,667738.8,668980.5,673933.0,683483.2,692084.0,703476.5,710825.8,722391.6,728652.3,733177.8,735849.8,736906.3,742709.7,748570.4,826960.9,802902.7,776466.7,865135.6,817475.5,823147.5
"42000","Pennsylvania","2","Population (midperiod, persons) 1/",12762561,12766200,12773148,12778632,12777351,12777561,12782814,12788570,12789410,12790667,12794805,12797163,12792941,12789889,12791603,12793338,12790190,12788076,12791387,12795609,12794290,12793287,12798634,12804736,12804619,12806579,12809942,12809767,12803887,12799550,12800631,12802433,12797416,12788403,12782588,12779376,12769811,12762077,12759245
"42000","Pennsylvania","3","Per capita personal income (dollars) 2/",45443,45817,45898,46916,45966,46471,46542,46814,47455,48115,48712,49285,49809,50116,50527,50922,51138,51426,52004,52185,52287,52679,53403,54049,54939,55505,56393,56883,57262,57490,57568,58013,58494,64665,62812,60759,67749,64055,64514
"44000","Rhode Island","1","Personal income (millions of dollars, seasonally adjusted)",48133.0,48384.2,48260.7,49229.0,48251.6,48335.5,48634.3,48957.5,49783.2,50242.1,50818.3,51741.1,51896.4,52382.1,52576.5,52935.3,52577.5,52992.3,53644.0,53704.9,54081.6,54856.2,56053.7,56212.3,56766.6,57128.0,57395.1,58197.6,59474.5,59883.3,59824.1,60453.7,61059.1,67766.9,65152.6,63221.0,70438.2,67072.9,67545.1
"44000","Rhode Island","2","Population (midperiod, persons) 1/",1054634,1054745,1055189,1055580,1055435,1055408,1055797,1056231,1056280,1056384,1056775,1057087,1056898,1056796,1057143,1057520,1057531,1057639,1057804,1057691,1057161,1056656,1057065,1057930,1058359,1058923,1059357,1059234,1058682,1058247,1058316,1058532,1058208,1057524,1057071,1056826,1056105,1055525,1055318
"44000","Rhode Island","3","Per capita personal income (dollars) 2/",45640,45873,45737,46637,45717,45798,46064,46351,47131,47560,48088,48947,49103,49567,49734,50056,49717,50104,50713,50776,51157,51915,53028,53134,53636,53949,54179,54943,56178,56587,56528,57111,57700,64081,61635,59822,66696,63545,64005
"45000","South Carolina","1","Personal income (millions of dollars, seasonally adjusted)",167273.2,168656.2,168357.6,172453.6,169424.2,170525.2,172570.3,173949.2,177753.3,181911.4,184521.5,187144.4,190533.9,193116.9,195871.6,197934.0,199089.4,200933.1,203063.9,205775.1,209497.0,211759.8,213436.1,215812.5,218617.8,221005.8,223840.8,226794.3,231953.5,232972.6,235048.8,237799.8,240475.4,263820.8,249264.9,248733.3,285109.7,263062.0,264046.9
"45000","South Carolina","2","Population (midperiod, persons) 1/",4702509,4713302,4725907,4738826,4749515,4760425,4774621,4790720,4805118,4819379,4836452,4854882,4871050,4887380,4905087,4922685,4938529,4954532,4971806,4988847,5003954,5018944,5035988,5053154,5068021,5083453,5100743,5118227,5133526,5149267,5166699,5184034,5198709,5211779,5226660,5243144,5256371,5270105,5286369
"45000","South Carolina","3","Per capita personal income (dollars) 2/",35571,35783,35624,36392,35672,35821,36143,36310,36992,37746,38152,38548,39116,39513,39932,40209,40313,40555,40843,41247,41866,42192,42382,42708,43137,43476,43884,44311,45184,45244,45493,45872,46257,50620,47691,47440,54241,49916,49949
"46000","South Dakota","1","Personal income (millions of dollars, seasonally adjusted)",37939.7,38155.4,36471.6,38810.1,38379.9,38491.3,38423.1,38169.3,39393.6,40335.8,40446.3,40833.2,41341.0,41628.1,42059.1,42622.4,41996.4,42090.4,42601.3,42659.1,43505.7,43773.2,43846.5,44126.8,45228.7,45396.0,45809.9,47693.4,48064.9,47795.9,48922.6,49407.7,50711.9,54731.8,51587.6,54651.5,59543.3,57468.2,57381.1
"46000","South Dakota","2","Population (midperiod, persons) 1/",830146,832573,835136,837520,839507,841590,843707,845593,847176,848794,850465,851895,852912,854034,855900,858288,860370,862518,865092,867763,870074,872423,874559,876143,877305,878630,880483,882561,884268,886104,888036,889759,891075,892182,893369,894597,895568,896770,898170
"46000","South Dakota","3","Per capita personal income (dollars) 2/",45702,45828,43672,46339,45717,45736,45541,45139,46500,47521,47558,47932,48470,48743,49140,49660,48812,48799,49245,49160,50002,50174,50136,50365,51554,51667,52028,54040,54356,53939,55091,55529,56911,61346,57745,61091,66487,64084,63887
"47000","Tennessee","1","Personal income (millions of dollars, seasonally adjusted)",250176.4,253854.7,253963.2,259888.3,255561.6,255990.8,256858.5,258604.5,262821.4,266253.1,268547.6,271532.9,276483.2,280177.2,282989.8,285474.3,286951.3,287828.2,291428.1,294751.8,298556.5,301086.1,303664.8,308943.3,313989.8,317313.7,322742.6,325751.1,332054.7,333614.7,335440.7,337890.8,341206.4,364236.5,351072.3,349670.0,400750.5,371623.9,375014.1
"47000","Tennessee","2","Population (midperiod, persons) 1/",6435772,6448766,6462115,6473762,6482300,6491499,6503636,6516790,6527636,6538608,6552182,6566296,6577319,6588896,6603224,6618193,6630836,6643997,6660163,6677315,6691842,6706488,6723622,6740647,6754715,6769854,6785603,6799757,6811165,6823430,6839050,6855807,6869301,6881164,6895106,6910829,6922373,6935011,6950667
"47000","Tennessee","3","Per capita personal income (dollars) 2/",38873,39365,39300,40145,39425,39435,39495,39683,40263,40720,40986,41353,42036,42523,42856,43135,43275,43322,43757,44142,44615,44895,45164,45833,46485,46872,47563,47906,48752,48893,49048,49285,49671,52932,50916,50597,57892,53587,53954
"48000","Texas","1","Personal income (millions of dollars, seasonally adjusted)",1133784.6,1147435.9,1143935.9,1185744.5,1161145.8,1179827.0,1192380.3,1206008.9,1242659.3,1268289.2,1287005.1,1300593.8,1306067.6,1299142.8,1301320.4,1295509.6,1282418.8,1285333.1,1299808.4,1318362.8,1353164.4,1375423.1,1397969.9,1424739.8,1453750.0,1471501.9,1494212.3,1513022.2,1526368.9,1533734.9,1549184.5,1566794.6,1569356.6,1669453.1,1625556.1,1610174.7,1817084.3,1719430.0,1736253.0
"48000","Texas","2","Population (midperiod, persons) 1/",25924635,26029555,26138928,26243963,26336948,26430062,26543248,26669434,26786541,26902775,27031296,27163480,27284209,27405449,27528149,27644151,27750654,27857845,27965345,28065522,28155090,28243338,28336925,28425791,28503171,28582279,28673803,28769210,28853875,28940565,29040906,29145907,29239757,29322694,29406563,29495549,29578917,29665740,29757438
"48000","Texas","3","Per capita personal income (dollars) 2/",43734,44082,43764,45182,44088,44640,44922,45221,46391,47143,47612,47880,47869,47405,47272,46864,46212,46139,46479,46974,48061,48699,49334,50121,51003,51483,52111,52592,52900,52996,53345,53757,53672,56934,55279,54590,61432,57960,58347
"49000","Utah","1","Personal income (millions of dollars, seasonally adjusted)",100978.9,102270.0,101873.8,106840.4,104333.2,105955.5,107138.4,107277.7,110039.9,111609.7,113223.5,115607.6,118947.0,120731.4,122070.5,123607.8,125689.1,126780.8,128454.5,130601.3,132087.1,134275.9,136900.4,139371.6,142922.3,145032.3,147398.3,149952.4,155256.2,155528.3,157950.1,160605.6,162323.7,176267.7,167585.6,172448.3,192667.3,179802.2,182332.1
"49000","Utah","2","Population (midperiod, persons) 1/",2839551,2849129,2860211,2871895,2882301,2893049,2903938,2914286,2923667,2933273,2944458,2956304,2966905,2977851,2991514,3006978,3021499,3036457,3052014,3067333,3081534,3095919,3110283,3123600,3135757,3148477,3161485,3173915,3185319,3197157,3209758,3222326,3233763,3244602,3255803,3267452,3277945,3289256,3301368
"49000","Utah","3","Per capita personal income (dollars) 2/",35562,35895,35618,37202,36198,36624,36894,36811,37638,38050,38453,39105,40091,40543,40806,41107,41598,41753,42088,42578,42864,43372,44015,44619,45578,46064,46623,47245,48741,48646,49209,49842,50197,54326,51473,52778,58777,54663,55229
"50000","Vermont","1","Personal income (millions of dollars, seasonally adjusted)",28214.0,28587.8,28334.1,29081.7,28613.5,28969.9,29021.5,29252.5,29405.1,29939.4,30475.9,30963.3,30777.6,31011.9,31189.0,31337.5,31475.4,31483.1,31669.5,31674.6,32104.9,32215.1,32521.0,32783.5,33054.0,33350.0,33566.4,33778.5,34512.5,34383.6,34618.8,34763.6,35360.3,39411.5,36451.8,36353.3,40657.0,37726.2,37538.1
"50000","Vermont","2","Population (midperiod, persons) 1/",626744,626456,626500,626676,626557,626526,626547,626431,626083,625788,625816,625973,625838,625767,625695,625415,624933,624505,624544,624838,624891,624990,625187,625186,624925,624794,624795,624709,624370,624096,624124,624193,623958,623554,623333,623198,622747,622405,622329
"50000","Vermont","3","Per capita personal income (dollars) 2/",45017,45634,45226,46406,45668,46239,46320,46697,46967,47843,48698,49464,49178,49558,49847,50107,50366,50413,50708,50692,51377,51545,52018,52438,52893,53378,53724,54071,55276,55093,55468,55694,56671,63205,58479,58333,65287,60614,60319
"51000","Virginia","1","Personal income (millions of dollars, seasonally adjusted)",398734.9,401952.9,402135.2,413895.9,400197.0,401232.5,401336.7,403971.0,411129.0,417013.7,421932.2,427243.5,431878.1,437421.6,440870.0,442921.3,444410.4,447021.2,451113.6,456775.3,461041.6,464936.2,469365.7,474407.1,478402.9,481892.7,487344.0,492107.7,497123.3,499727.1,504460.7,509092.0,515769.5,547011.8,532270.0,533973.5,586034.8,552640.9,557342.3
"51000","Virginia","2","Population (midperiod, persons) 1/",8156690,8176769,8197539,8216385,8231447,8247055,8264158,8280569,8294237,8307925,8323423,8338128,8349201,8360749,8374641,8388396,8399428,8411022,8425474,8440409,8452195,8463985,8477180,8488626,8496553,8505530,8517781,8530633,8540136,8550529,8563151,8575252,8583347,8588604,8594104,8600325,8604790,8610911,8618425
"51000","Virginia","3","Per capita personal income (dollars) 2/",48884,49158,49056,50374,48618,48652,48564,48785,49568,50195,50692,51240,51727,52318,52643,52802,52910,53147,53542,54118,54547,54931,55368,55887,56306,56656,57215,57687,58210,58444,58911,59368,60090,63690,61934,62088,68106,64179,64669
"53000","Washington","1","Personal income (millions of dollars, seasonally adjusted)",319431.3,324773.2,325372.0,337218.9,328722.9,331542.2,336183.4,338606.2,348896.0,356134.2,364020.1,369712.3,375275.0,379570.6,383645.8,386140.9,394914.2,398257.5,402812.6,411112.8,417302.8,422419.4,428696.8,436714.9,446409.0,449889.1,457991.6,462738.3,473521.6,476821.1,481018.1,488002.7,496669.4,533734.5,519835.7,515524.8,569821.4,550063.0,552830.0
"53000","Washington","2","Population (midperiod, persons) 1/",6872679,6889589,6908431,6926861,6941917,6957544,6978453,7002593,7024167,7046003,7072632,7101606,7127237,7153455,7184839,7218992,7250685,7283030,7317043,7350506,7380986,7411604,7441358,7467379,7490174,7514032,7538748,7561779,7581809,7602731,7625982,7649029,7668664,7685747,7702749,7720285,7736762,7754761,7773709
"53000","Washington","3","Per capita personal income (dollars) 2/",46478,47140,47098,48683,47353,47652,48174,48354,49671,50544,51469,52060,52654,53061,53397,53490,54466,54683,55051,55930,56538,56994,57610,58483,59599,59873,60752,61194,62455,62717,63076,63799,64766,69445,67487,66775,73651,70932,71115
"54000","West Virginia","1","Personal income (millions of dollars, seasonally adjusted)",65490.9,66139.4,65552.5,66411.3,65517.2,65636.9,65479.4,65657.6,66405.1,67528.9,68169.4,68954.1,69060.6,69456.0,69251.4,68946.3,68445.7,68542.7,68561.5,68970.5,70707.5,70902.9,71656.7,72323.2,73196.5,74175.5,75589.1,76150.4,76289.4,76440.9,76397.6,76070.0,76647.4,87240.8,78905.5,78422.4,91251.7,82926.3,83308.6
"54000","West Virginia","2","Population (midperiod, persons) 1/",1857328,1857306,1857480,1857212,1855941,1854979,1854470,1853790,1852355,1851065,1850033,1848649,1846273,1844170,1842229,1839797,1836632,1833690,1831002,1827935,1824040,1820290,1817378,1814503,1810765,1807404,1804904,1802547,1799386,1796494,1794410,1792515,1789633,1786411,1783796,1781568,1778133,1775108,1772924
"54000","West Virginia","3","Per capita personal income (dollars) 2/",35261,35610,35291,35759,35301,35384,35309,35418,35849,36481,36848,37300,37405,37662,37591,37475,37267,37380,37445,37731,38764,38951,39429,39858,40423,41040,41880,42246,42397,42550,42575,42438,42829,48836,44235,44019,51319,46716,46989
"55000","Wisconsin","1","Personal income (millions of dollars, seasonally adjusted)",243324.5,245255.9,244138.5,252250.1,245126.1,247482.6,248871.3,249909.4,252761.5,257421.5,259671.8,263536.2,266327.0,268965.8,270985.9,272536.8,272303.6,273122.5,275690.5,276382.0,279741.0,282488.6,286764.1,288905.4,293840.6,295344.1,299270.2,302465.6,305416.5,307394.4,308412.9,311673.7,313599.6,338139.5,319489.8,325779.0,361225.9,336924.1,339216.9
"55000","Wisconsin","2","Population (midperiod, persons) 1/",5715700,5718783,5724075,5729554,5732112,5735486,5740541,5745383,5748087,5751138,5755512,5759145,5759966,5761488,5765212,5769079,5770861,5773278,5778254,5783810,5787016,5790506,5795993,5801021,5803390,5806869,5812043,5816789,5819098,5822288,5827061,5831389,5832860,5832853,5834484,5837390,5837002,5837570,5840560
"55000","Wisconsin","3","Per capita personal income (dollars) 2/",42571,42886,42651,44026,42764,43149,43353,43497,43973,44760,45117,45760,46238,46683,47004,47241,47186,47308,47712,47785,48339,48785,49476,49803,50633,50861,51491,51999,52485,52796,52928,53448,53764,57972,54759,55809,61886,57716,58080
"56000","Wyoming","1","Personal income (millions of dollars, seasonally adjusted)",30517.8,31226.6,30746.5,32307.7,30923.8,31067.0,31258.0,31711.5,32605.0,33405.1,33915.9,34271.4,34173.2,33835.2,33765.7,33272.9,32167.9,31812.9,31756.5,31896.9,32254.0,32808.6,33059.7,33551.6,34071.4,34471.8,34922.0,35298.3,35285.4,35212.9,35485.6,35714.1,35653.5,37505.0,35228.0,35692.5,39582.5,37322.6,37443.3
"56000","Wyoming","2","Population (midperiod, persons) 1/",573272,575512,577517,579111,580443,581852,582749,582992,583010,583076,583678,584599,585249,585971,586326,586109,585705,585356,584677,583471,582027,580611,579950,579830,579428,579127,579279,579630,579763,579955,580530,581287,581779,582157,582693,583332,583653,584090,584763
"56000","Wyoming","3","Per capita personal income (dollars) 2/",53234,54259,53239,55788,53276,53393,53639,54394,55925,57291,58107,58624,58391,57742,57589,56769,54922,54348,54315,54667,55417,56507,57004,57864,58802,59524,60285,60898,60862,60717,61126,61440,61284,64424,60457,61187,67819,63899,64032
"Legend / Footnotes:"
"1/ Midquarter population estimates by state are derived by BEA based on unpublished Census Bureau estimates of beginning-of-month population. Quarterly estimates for 2010-2021 reflect unpublished monthly population estimates available as of February 2021. These population estimates are based on the 2010 census. BEA will incorporate Census Bureau population estimates based on the 2020 census results when they become available."
"2/ Per capita personal income is total personal income divided by total quarterly population estimates. BEA state per capita personal income statistics are calculated using BEA derived midquarter population estimates based on unpublished Census Bureau estimates of beginning-of-month population. These midquarter estimates are based on the 2010 census. BEA will incorporate Census Bureau population estimates based on the 2020 census results when they become available."
"* Estimates prior to 1950 are not available for Alaska and Hawaii."
"Note. Millions of dollars, seasonally adjusted at annual rates. All dollar estimates are in current dollars (not adjusted for inflation). Calculations are performed on unrounded data."
"Last updated: February 3, 2022-- revised statistics for 2016:Q1-2021:Q3."
